Year,Month,date_UTC,Time_UTC,DateTime_UTC,Typhoon_number,Typhoon name,Class,Lat,Long,Pressure_hpa,Pressure_hpa,MaxWindVel_knot,50KT_LongDiaDir,50KT_LongDia,50KT_ShortDia,30KT_LongDiaDir,30KT_LongDia,30KT_ShortDiaDir,Landfall
2018,12,31,6,12/31/18 6:00,1901,PABUK,2,7.6,111.9,1004,1004hpa,0,0,0,0,0,0,0,0
2018,12,31,12,12/31/18 12:00,1901,PABUK,2,7.3,111.3,1004,1004hpa,0,0,0,0,0,0,0,0
2018,12,31,18,12/31/18 18:00,1901,PABUK,2,7,111.1,1004,1004hpa,0,0,0,0,0,0,0,0
2019,1,1,0,2001/1/19 0:00,1901,PABUK,2,6.6,110.7,1004,1004hpa,0,0,0,0,0,0,0,0
2019,1,1,6,2001/1/19 6:00,1901,PABUK,3,6.3,110.2,1000,1000hpa,35,0,0,0,7,180,120,0
2019,1,1,12,2001/1/19 12:00,1901,PABUK,3,6,109.9,1000,1000hpa,35,0,0,0,7,180,120,0
2019,1,1,18,2001/1/19 18:00,1901,PABUK,3,5.8,109.5,1000,1000hpa,35,0,0,0,7,180,120,0
2019,1,2,0,2001/2/19 0:00,1901,PABUK,3,5.9,108.6,1000,1000hpa,35,0,0,0,7,180,120,0
2019,1,2,6,2001/2/19 6:00,1901,PABUK,3,6.2,108,1000,1000hpa,35,0,0,0,7,180,120,0
2019,1,2,12,2001/2/19 12:00,1901,PABUK,3,6.3,107,1000,1000hpa,35,0,0,0,7,180,120,0
2019,1,2,18,2001/2/19 18:00,1901,PABUK,3,6,105.8,1000,1000hpa,35,0,0,0,7,180,120,0
2019,1,3,0,2001/3/19 0:00,1901,PABUK,3,5.8,105,1000,1000hpa,35,0,0,0,7,180,120,0
2019,1,3,6,2001/3/19 6:00,1901,PABUK,3,6.1,104.1,1000,1000hpa,35,0,0,0,7,180,120,0
2019,1,3,12,2001/3/19 12:00,1901,PABUK,3,6.8,103.4,998,998hpa,40,0,0,0,7,180,120,0
2019,1,3,18,2001/3/19 18:00,1901,PABUK,3,7.5,102.5,996,996hpa,45,0,0,0,7,180,120,0
2019,1,4,0,2001/4/19 0:00,1901,PABUK,3,7.9,101.5,996,996hpa,45,0,0,0,8,180,90,0
2019,1,4,6,2001/4/19 6:00,1901,PABUK,3,8.1,100.8,996,996hpa,45,0,0,0,8,180,90,0
2019,1,4,12,2001/4/19 12:00,1901,PABUK,3,8.2,100.1,1000,1000hpa,40,0,0,0,1,120,60,0
2019,1,4,18,2001/4/19 18:00,1901,PABUK,2,8.4,99.4,1006,1006hpa,0,0,0,0,0,0,0,0
2019,2,18,12,2/18/19 12:00,1902,WUTIP,2,4.7,162.5,1006,1006hpa,0,0,0,0,0,0,0,0
2019,2,18,18,2/18/19 18:00,1902,WUTIP,2,4.8,161.2,1004,1004hpa,0,0,0,0,0,0,0,0
2019,2,19,0,2/19/19 0:00,1902,WUTIP,2,5.2,159.8,1006,1006hpa,0,0,0,0,0,0,0,0
2019,2,19,6,2/19/19 6:00,1902,WUTIP,2,4.9,158.4,1004,1004hpa,0,0,0,0,0,0,0,0
2019,2,19,12,2/19/19 12:00,1902,WUTIP,2,4.5,156.6,1004,1004hpa,0,0,0,0,0,0,0,0
2019,2,19,18,2/19/19 18:00,1902,WUTIP,3,4.5,155.5,1000,1000hpa,35,0,0,0,8,150,90,0
2019,2,20,0,2/20/19 0:00,1902,WUTIP,3,4.7,154.6,994,994hpa,45,0,0,0,8,150,90,0
2019,2,20,6,2/20/19 6:00,1902,WUTIP,4,4.7,153.8,992,992hpa,50,0,0,0,8,210,120,0
2019,2,20,12,2/20/19 12:00,1902,WUTIP,4,5,152.6,985,985hpa,60,9,30,30,8,270,180,0
2019,2,20,18,2/20/19 18:00,1902,WUTIP,5,5.7,151.6,980,980hpa,65,9,50,50,8,270,180,0
2019,2,21,0,2/21/19 0:00,1902,WUTIP,5,6.1,150.5,975,975hpa,70,9,60,60,8,270,180,0
2019,2,21,6,2/21/19 6:00,1902,WUTIP,5,6.4,149.6,960,960hpa,80,9,70,70,8,270,210,0
2019,2,21,12,2/21/19 12:00,1902,WUTIP,5,6.9,148.7,960,960hpa,80,9,70,70,8,270,210,0
2019,2,21,18,2/21/19 18:00,1902,WUTIP,5,7.5,147.9,960,960hpa,80,9,70,70,8,270,210,0
2019,2,22,0,2/22/19 0:00,1902,WUTIP,5,8.2,146.8,960,960hpa,80,9,70,70,8,270,210,0
2019,2,22,6,2/22/19 6:00,1902,WUTIP,5,9.2,146.2,960,960hpa,80,9,70,70,8,270,210,0
2019,2,22,12,2/22/19 12:00,1902,WUTIP,5,9.9,145,960,960hpa,80,9,70,70,8,270,210,0
2019,2,22,18,2/22/19 18:00,1902,WUTIP,5,10.1,144,960,960hpa,80,9,70,70,9,240,240,0
2019,2,23,0,2/23/19 0:00,1902,WUTIP,5,10.6,143.7,955,955hpa,85,9,70,70,9,240,240,0
2019,2,23,6,2/23/19 6:00,1902,WUTIP,5,11.4,143.3,940,940hpa,95,9,70,70,9,240,240,0
2019,2,23,12,2/23/19 12:00,1902,WUTIP,5,12,142.8,920,920hpa,105,9,80,80,9,240,240,0
2019,2,23,18,2/23/19 18:00,1902,WUTIP,5,12.4,142.4,920,920hpa,105,9,80,80,9,240,240,0
2019,2,24,0,2/24/19 0:00,1902,WUTIP,5,12.7,142.1,920,920hpa,105,9,80,80,9,240,240,0
2019,2,24,6,2/24/19 6:00,1902,WUTIP,5,12.9,141.7,940,940hpa,95,9,70,70,8,240,150,0
2019,2,24,12,2/24/19 12:00,1902,WUTIP,5,13.1,141.2,940,940hpa,95,9,70,70,8,240,150,0
2019,2,24,18,2/24/19 18:00,1902,WUTIP,5,13.1,140.7,940,940hpa,95,9,70,70,8,240,120,0
2019,2,25,0,2/25/19 0:00,1902,WUTIP,5,13.4,140.4,935,935hpa,100,9,70,70,8,240,120,0
2019,2,25,6,2/25/19 6:00,1902,WUTIP,5,13.8,140.2,935,935hpa,100,9,70,70,8,240,120,0
2019,2,25,12,2/25/19 12:00,1902,WUTIP,5,14.2,140.1,935,935hpa,100,9,70,70,8,240,120,0
2019,2,25,18,2/25/19 18:00,1902,WUTIP,5,14.6,139.9,935,935hpa,100,9,70,70,1,240,120,0
2019,2,26,0,2/26/19 0:00,1902,WUTIP,5,14.9,139.9,950,950hpa,90,9,60,60,1,210,120,0
2019,2,26,6,2/26/19 6:00,1902,WUTIP,5,15.2,139.9,940,940hpa,95,9,60,60,1,210,120,0
2019,2,26,12,2/26/19 12:00,1902,WUTIP,5,15.4,140.1,950,950hpa,85,9,50,50,1,180,90,0
2019,2,26,18,2/26/19 18:00,1902,WUTIP,5,15.7,140.1,955,955hpa,80,9,50,50,1,180,90,0
2019,2,27,0,2/27/19 0:00,1902,WUTIP,5,16,140,965,965hpa,70,9,50,50,1,180,90,0
2019,2,27,6,2/27/19 6:00,1902,WUTIP,5,16.4,139.8,970,970hpa,65,9,40,40,1,180,90,0
2019,2,27,12,2/27/19 12:00,1902,WUTIP,4,16.5,139,980,980hpa,55,9,30,30,1,180,90,0
2019,2,27,18,2/27/19 18:00,1902,WUTIP,4,16.7,137.7,990,990hpa,50,0,0,0,1,150,90,0
2019,2,28,0,2/28/19 0:00,1902,WUTIP,3,17.2,136.7,996,996hpa,40,0,0,0,1,150,90,0
2019,2,28,6,2/28/19 6:00,1902,WUTIP,2,17.6,135.6,1004,1004hpa,0,0,0,0,0,0,0,0
2019,2,28,12,2/28/19 12:00,1902,WUTIP,2,18.2,135,1010,1010hpa,0,0,0,0,0,0,0,0
2019,2,28,18,2/28/19 18:00,1902,WUTIP,2,18.6,134.6,1010,1010hpa,0,0,0,0,0,0,0,0
2019,3,1,0,2003/1/19 0:00,1902,WUTIP,2,19.1,134.4,1012,1012hpa,0,0,0,0,0,0,0,0
2019,3,1,6,2003/1/19 6:00,1902,WUTIP,2,19.4,134.2,1010,1010hpa,0,0,0,0,0,0,0,0
2019,3,1,12,2003/1/19 12:00,1902,WUTIP,2,19.7,134,1012,1012hpa,0,0,0,0,0,0,0,0
2019,3,1,18,2003/1/19 18:00,1902,WUTIP,2,19.6,134,1010,1010hpa,0,0,0,0,0,0,0,0
2019,3,2,0,2003/2/19 0:00,1902,WUTIP,2,19.4,133.9,1010,1010hpa,0,0,0,0,0,0,0,0
2019,3,2,6,2003/2/19 6:00,1902,WUTIP,2,18.9,133.1,1008,1008hpa,0,0,0,0,0,0,0,0
2019,6,24,12,6/24/19 12:00,1903,SEPAT,2,17.9,127.7,1008,1008hpa,0,0,0,0,0,0,0,0
2019,6,24,18,6/24/19 18:00,1903,SEPAT,2,18.4,127.8,1006,1006hpa,0,0,0,0,0,0,0,0
2019,6,25,0,6/25/19 0:00,1903,SEPAT,2,18.9,127.9,1006,1006hpa,0,0,0,0,0,0,0,0
2019,6,25,6,6/25/19 6:00,1903,SEPAT,2,19.4,128,1006,1006hpa,0,0,0,0,0,0,0,0
2019,6,25,12,6/25/19 12:00,1903,SEPAT,2,19.8,128.1,1006,1006hpa,0,0,0,0,0,0,0,0
2019,6,25,18,6/25/19 18:00,1903,SEPAT,2,20.5,128.2,1006,1006hpa,0,0,0,0,0,0,0,0
2019,6,26,0,6/26/19 0:00,1903,SEPAT,2,21.4,128.4,1004,1004hpa,0,0,0,0,0,0,0,0
2019,6,26,6,6/26/19 6:00,1903,SEPAT,2,22.9,128.8,1004,1004hpa,0,0,0,0,0,0,0,0
2019,6,26,12,6/26/19 12:00,1903,SEPAT,2,24.8,129.5,1004,1004hpa,0,0,0,0,0,0,0,0
2019,6,26,18,6/26/19 18:00,1903,SEPAT,2,26.4,130,1004,1004hpa,0,0,0,0,0,0,0,0
2019,6,27,0,6/27/19 0:00,1903,SEPAT,2,28.4,130.4,1002,1002hpa,0,0,0,0,0,0,0,0
2019,6,27,6,6/27/19 6:00,1903,SEPAT,2,30.8,132,1000,1000hpa,0,0,0,0,0,0,0,0
2019,6,27,12,6/27/19 12:00,1903,SEPAT,3,32.6,134.7,998,998hpa,35,0,0,0,3,150,60,0
2019,6,27,18,6/27/19 18:00,1903,SEPAT,3,34.1,137.6,996,996hpa,40,0,0,0,3,150,60,0
2019,6,28,0,6/28/19 0:00,1903,SEPAT,3,35.2,141.6,994,994hpa,40,0,0,0,3,150,60,0
2019,6,28,6,6/28/19 6:00,1903,SEPAT,6,36,147,992,992hpa,0,0,0,0,0,0,0,0
2019,6,28,12,6/28/19 12:00,1903,SEPAT,6,37,151,992,992hpa,0,0,0,0,0,0,0,0
2019,6,28,18,6/28/19 18:00,1903,SEPAT,6,38,154.3,994,994hpa,0,0,0,0,0,0,0,0
2019,6,29,0,6/29/19 0:00,1903,SEPAT,6,39,156.3,994,994hpa,0,0,0,0,0,0,0,0
2019,6,29,6,6/29/19 6:00,1903,SEPAT,6,39.8,158.5,998,998hpa,0,0,0,0,0,0,0,0
2019,6,29,12,6/29/19 12:00,1903,SEPAT,6,41,160.1,1002,1002hpa,0,0,0,0,0,0,0,0
2019,6,29,18,6/29/19 18:00,1903,SEPAT,6,42.2,160.8,1004,1004hpa,0,0,0,0,0,0,0,0
2019,6,30,0,6/30/19 0:00,1903,SEPAT,6,43.8,161.6,1004,1004hpa,0,0,0,0,0,0,0,0
2019,6,30,6,6/30/19 6:00,1903,SEPAT,6,44.3,163.3,1004,1004hpa,0,0,0,0,0,0,0,0
2019,6,30,12,6/30/19 12:00,1903,SEPAT,6,45,165.5,1004,1004hpa,0,0,0,0,0,0,0,0
2019,6,30,18,6/30/19 18:00,1903,SEPAT,6,46.1,168.2,1004,1004hpa,0,0,0,0,0,0,0,0
2019,7,1,0,2007/1/19 0:00,1903,SEPAT,6,47.4,169.9,1004,1004hpa,0,0,0,0,0,0,0,0
2019,7,1,6,2007/1/19 6:00,1903,SEPAT,6,49.3,172.2,1004,1004hpa,0,0,0,0,0,0,0,0
2019,7,1,12,2007/1/19 12:00,1903,SEPAT,6,51.3,174.3,1002,1002hpa,0,0,0,0,0,0,0,0
2019,7,1,18,2007/1/19 18:00,1903,SEPAT,6,53.6,176.7,1002,1002hpa,0,0,0,0,0,0,0,0
2019,7,2,0,2007/2/19 0:00,1903,SEPAT,6,57.2,178.7,1002,1002hpa,0,0,0,0,0,0,0,0
2019,7,2,6,2007/2/19 6:00,1903,SEPAT,6,59.5,179.5,1002,1002hpa,0,0,0,0,0,0,0,0
2019,7,2,12,2007/2/19 12:00,1903,SEPAT,6,61.1,182,1002,1002hpa,0,0,0,0,0,0,0,0
2019,7,1,18,2007/1/19 18:00,1904,MUN,2,18,114,998,998hpa,0,0,0,0,0,0,0,0
2019,7,2,0,2007/2/19 0:00,1904,MUN,2,18.5,113.3,998,998hpa,0,0,0,0,0,0,0,0
2019,7,2,6,2007/2/19 6:00,1904,MUN,3,18.8,112.4,994,994hpa,35,0,0,0,3,450,240,0
2019,7,2,12,2007/2/19 12:00,1904,MUN,3,18.9,111.5,994,994hpa,35,0,0,0,3,475,240,0
2019,7,2,18,2007/2/19 18:00,1904,MUN,3,19.2,110.6,994,994hpa,35,0,0,0,3,400,240,0
2019,7,3,0,2007/3/19 0:00,1904,MUN,3,19.4,109.5,994,994hpa,35,0,0,0,3,270,120,0
2019,7,3,6,2007/3/19 6:00,1904,MUN,3,19.5,108.4,992,992hpa,35,0,0,0,3,210,90,0
2019,7,3,12,2007/3/19 12:00,1904,MUN,3,19.9,107.3,992,992hpa,35,0,0,0,3,150,90,0
2019,7,3,18,2007/3/19 18:00,1904,MUN,3,20.3,106.7,994,994hpa,35,0,0,0,3,120,60,0
2019,7,4,0,2007/4/19 0:00,1904,MUN,3,20.8,106.2,994,994hpa,35,0,0,0,3,90,60,0
2019,7,4,6,2007/4/19 6:00,1904,MUN,2,21.6,105.4,998,998hpa,0,0,0,0,0,0,0,0
2019,7,4,12,2007/4/19 12:00,1904,MUN,2,22.3,104.5,1000,1000hpa,0,0,0,0,0,0,0,0
2019,7,4,18,2007/4/19 18:00,1904,MUN,2,23.1,103.8,1000,1000hpa,0,0,0,0,0,0,0,0
2019,7,14,0,7/14/19 0:00,1905,DANAS,2,12.6,136.7,1004,1004hpa,0,0,0,0,0,0,0,0
2019,7,14,6,7/14/19 6:00,1905,DANAS,2,13.3,135.3,1004,1004hpa,0,0,0,0,0,0,0,0
2019,7,14,12,7/14/19 12:00,1905,DANAS,2,14,134.3,1004,1004hpa,0,0,0,0,0,0,0,0
2019,7,14,18,7/14/19 18:00,1905,DANAS,2,15,133.2,1002,1002hpa,0,0,0,0,0,0,0,0
2019,7,15,0,7/15/19 0:00,1905,DANAS,2,15.6,132.1,1002,1002hpa,0,0,0,0,0,0,0,0
2019,7,15,6,7/15/19 6:00,1905,DANAS,2,16.4,131.2,1000,1000hpa,0,0,0,0,0,0,0,0
2019,7,15,12,7/15/19 12:00,1905,DANAS,2,16.9,129.5,1000,1000hpa,0,0,0,0,0,0,0,0
2019,7,15,18,7/15/19 18:00,1905,DANAS,2,17,127.5,998,998hpa,0,0,0,0,0,0,0,0
2019,7,16,0,7/16/19 0:00,1905,DANAS,2,17,126,998,998hpa,0,0,0,0,0,0,0,0
2019,7,16,6,7/16/19 6:00,1905,DANAS,3,17.1,124.9,994,994hpa,35,0,0,0,3,300,210,0
2019,7,16,12,7/16/19 12:00,1905,DANAS,3,17.2,123.9,994,994hpa,35,0,0,0,3,300,210,0
2019,7,16,18,7/16/19 18:00,1905,DANAS,3,17.3,123.4,994,994hpa,35,0,0,0,3,300,210,0
2019,7,17,0,7/17/19 0:00,1905,DANAS,3,18.1,123.5,994,994hpa,35,0,0,0,3,300,210,0
2019,7,17,6,7/17/19 6:00,1905,DANAS,3,19,123.7,994,994hpa,35,0,0,0,3,350,270,0
2019,7,17,12,7/17/19 12:00,1905,DANAS,3,20.5,124.1,992,992hpa,35,0,0,0,3,350,270,0
2019,7,17,18,7/17/19 18:00,1905,DANAS,3,21.9,124.1,992,992hpa,35,0,0,0,3,350,270,0
2019,7,18,0,7/18/19 0:00,1905,DANAS,3,23.6,124.1,990,990hpa,40,0,0,0,3,350,270,0
2019,7,18,6,7/18/19 6:00,1905,DANAS,3,25.7,124.1,990,990hpa,40,0,0,0,3,350,270,0
2019,7,18,12,7/18/19 12:00,1905,DANAS,3,26.5,124,990,990hpa,40,0,0,0,3,350,270,0
2019,7,18,18,7/18/19 18:00,1905,DANAS,3,27.8,124,985,985hpa,45,0,0,0,3,300,240,0
2019,7,19,0,7/19/19 0:00,1905,DANAS,3,29,124,985,985hpa,45,0,0,0,3,300,240,0
2019,7,19,6,7/19/19 6:00,1905,DANAS,3,30.3,124.2,985,985hpa,45,0,0,0,2,350,200,0
2019,7,19,12,7/19/19 12:00,1905,DANAS,3,31.8,124.7,985,985hpa,45,0,0,0,2,350,200,0
2019,7,19,18,7/19/19 18:00,1905,DANAS,3,33.1,125.2,985,985hpa,40,0,0,0,2,350,200,0
2019,7,20,0,7/20/19 0:00,1905,DANAS,3,34.2,125.5,985,985hpa,40,0,0,0,2,350,200,0
2019,7,20,6,7/20/19 6:00,1905,DANAS,3,34.8,125.7,990,990hpa,40,0,0,0,2,350,150,0
2019,7,20,12,7/20/19 12:00,1905,DANAS,3,35.7,126.3,994,994hpa,35,0,0,0,2,350,150,0
2019,7,20,18,7/20/19 18:00,1905,DANAS,2,36.6,127.2,996,996hpa,0,0,0,0,0,0,0,0
2019,7,21,0,7/21/19 0:00,1905,DANAS,2,37.9,128.5,998,998hpa,0,0,0,0,0,0,0,0
2019,7,21,6,7/21/19 6:00,1905,DANAS,2,39,129.6,998,998hpa,0,0,0,0,0,0,0,0
2019,7,21,12,7/21/19 12:00,1905,DANAS,6,40.2,130.4,998,998hpa,0,0,0,0,0,0,0,0
2019,7,21,18,7/21/19 18:00,1905,DANAS,6,41.1,131.4,996,996hpa,0,0,0,0,0,0,0,0
2019,7,22,0,7/22/19 0:00,1905,DANAS,6,41.4,131.9,996,996hpa,0,0,0,0,0,0,0,0
2019,7,22,6,7/22/19 6:00,1905,DANAS,6,41.7,132.1,998,998hpa,0,0,0,0,0,0,0,0
2019,7,22,12,7/22/19 12:00,1905,DANAS,6,42,132.9,1000,1000hpa,0,0,0,0,0,0,0,0
2019,7,22,18,7/22/19 18:00,1905,DANAS,6,42.3,134.4,1000,1000hpa,0,0,0,0,0,0,0,0
2019,7,23,0,7/23/19 0:00,1905,DANAS,6,42.6,135.7,1002,1002hpa,0,0,0,0,0,0,0,0
2019,7,23,6,7/23/19 6:00,1905,DANAS,6,43.1,137.1,1002,1002hpa,0,0,0,0,0,0,0,0
2019,7,24,0,7/24/19 0:00,1906,NARI,2,23,137,1008,1008hpa,0,0,0,0,0,0,0,0
2019,7,24,6,7/24/19 6:00,1906,NARI,2,23.5,137.5,1006,1006hpa,0,0,0,0,0,0,0,0
2019,7,24,12,7/24/19 12:00,1906,NARI,2,24.3,137.8,1006,1006hpa,0,0,0,0,0,0,0,0
2019,7,24,18,7/24/19 18:00,1906,NARI,2,25.3,137.8,1006,1006hpa,0,0,0,0,0,0,0,0
2019,7,25,0,7/25/19 0:00,1906,NARI,2,26.3,137.7,1006,1006hpa,0,0,0,0,0,0,0,0
2019,7,25,6,7/25/19 6:00,1906,NARI,2,26.5,137.5,1004,1004hpa,0,0,0,0,0,0,0,0
2019,7,25,12,7/25/19 12:00,1906,NARI,2,27.5,137.5,1006,1006hpa,0,0,0,0,0,0,0,0
2019,7,25,18,7/25/19 18:00,1906,NARI,3,28.5,137.3,1002,1002hpa,35,0,0,0,2,210,120,0
2019,7,26,0,7/26/19 0:00,1906,NARI,3,29.7,137.1,1000,1000hpa,35,0,0,0,2,210,120,0
2019,7,26,6,7/26/19 6:00,1906,NARI,3,30.9,136.2,1000,1000hpa,35,0,0,0,2,210,120,0
2019,7,26,12,7/26/19 12:00,1906,NARI,3,32,135.8,1000,1000hpa,35,0,0,0,2,210,120,0
2019,7,26,18,7/26/19 18:00,1906,NARI,3,33.4,135.9,998,998hpa,35,0,0,0,2,210,120,0
2019,7,26,22,7/26/19 22:00,1906,NARI,3,34.1,136.3,1000,1000hpa,35,0,0,0,2,210,120,1
2019,7,27,0,7/27/19 0:00,1906,NARI,3,34.7,136.4,1000,1000hpa,35,0,0,0,2,180,90,0
2019,7,27,6,7/27/19 6:00,1906,NARI,2,35.6,136.7,1004,1004hpa,0,0,0,0,0,0,0,0
2019,7,27,12,7/27/19 12:00,1906,NARI,2,36,138.3,1008,1008hpa,0,0,0,0,0,0,0,0
2019,7,27,18,7/27/19 18:00,1906,NARI,2,36.6,139.8,1008,1008hpa,0,0,0,0,0,0,0,0
2019,7,28,0,7/28/19 0:00,1906,NARI,6,36.9,142,1010,1010hpa,0,0,0,0,0,0,0,0
2019,7,28,6,7/28/19 6:00,1906,NARI,6,37.6,143.7,1010,1010hpa,0,0,0,0,0,0,0,0
2019,7,28,12,7/28/19 12:00,1906,NARI,6,38.2,145.7,1010,1010hpa,0,0,0,0,0,0,0,0
2019,7,28,18,7/28/19 18:00,1906,NARI,6,38.7,147.7,1010,1010hpa,0,0,0,0,0,0,0,0
2019,7,29,0,7/29/19 0:00,1906,NARI,6,39.3,149.8,1010,1010hpa,0,0,0,0,0,0,0,0
2019,7,29,6,7/29/19 6:00,1906,NARI,6,39.8,151.6,1008,1008hpa,0,0,0,0,0,0,0,0
2019,7,29,12,7/29/19 12:00,1906,NARI,6,40.5,152.9,1010,1010hpa,0,0,0,0,0,0,0,0
2019,7,30,0,7/30/19 0:00,1907,WIPHA,2,17.1,116,1002,1002hpa,0,0,0,0,0,0,0,0
2019,7,30,6,7/30/19 6:00,1907,WIPHA,2,17.6,115.4,998,998hpa,0,0,0,0,0,0,0,0
2019,7,30,12,7/30/19 12:00,1907,WIPHA,2,18,114.8,996,996hpa,0,0,0,0,0,0,0,0
2019,7,30,18,7/30/19 18:00,1907,WIPHA,3,18.4,114.2,994,994hpa,35,0,0,0,2,240,160,0
2019,7,31,0,7/31/19 0:00,1907,WIPHA,3,18.8,113.7,994,994hpa,35,0,0,0,2,240,160,0
2019,7,31,6,7/31/19 6:00,1907,WIPHA,3,19.2,112.9,992,992hpa,35,0,0,0,2,270,210,0
2019,7,31,12,7/31/19 12:00,1907,WIPHA,3,19.5,112.2,992,992hpa,35,0,0,0,2,270,210,0
2019,7,31,18,7/31/19 18:00,1907,WIPHA,3,20.1,111.4,990,990hpa,40,0,0,0,2,270,210,0
2019,8,1,0,2008/1/19 0:00,1907,WIPHA,3,20.4,110.8,990,990hpa,40,0,0,0,2,270,210,0
2019,8,1,6,2008/1/19 6:00,1907,WIPHA,3,21,110.5,990,990hpa,40,0,0,0,2,270,210,0
2019,8,1,12,2008/1/19 12:00,1907,WIPHA,3,21.4,110.2,990,990hpa,40,0,0,0,3,270,180,0
2019,8,1,18,2008/1/19 18:00,1907,WIPHA,3,21.2,109.4,990,990hpa,40,0,0,0,3,240,120,0
2019,8,2,0,2008/2/19 0:00,1907,WIPHA,3,21.2,109.1,990,990hpa,40,0,0,0,3,240,90,0
2019,8,2,6,2008/2/19 6:00,1907,WIPHA,3,21.1,109,985,985hpa,45,0,0,0,3,240,90,0
2019,8,2,12,2008/2/19 12:00,1907,WIPHA,3,21.6,108.2,990,990hpa,40,0,0,0,3,180,90,0
2019,8,2,18,2008/2/19 18:00,1907,WIPHA,3,21.5,107.3,992,992hpa,35,0,0,0,3,150,90,0
2019,8,3,0,2008/3/19 0:00,1907,WIPHA,3,21.2,106.5,992,992hpa,35,0,0,0,3,150,90,0
2019,8,3,6,2008/3/19 6:00,1907,WIPHA,3,20.8,106.2,992,992hpa,35,0,0,0,2,120,60,0
2019,8,3,12,2008/3/19 12:00,1907,WIPHA,2,20.2,105.4,994,994hpa,0,0,0,0,0,0,0,0
2019,8,3,18,2008/3/19 18:00,1907,WIPHA,2,19.7,104.4,996,996hpa,0,0,0,0,0,0,0,0
2019,8,4,0,2008/4/19 0:00,1907,WIPHA,2,20.7,102.8,998,998hpa,0,0,0,0,0,0,0,0
2019,8,4,6,2008/4/19 6:00,1907,WIPHA,2,20.5,102.1,998,998hpa,0,0,0,0,0,0,0,0
2019,8,1,0,2008/1/19 0:00,1908,FRANCISCO,2,17.4,154.7,1002,1002hpa,0,0,0,0,0,0,0,0
2019,8,1,6,2008/1/19 6:00,1908,FRANCISCO,2,18.1,154.4,1002,1002hpa,0,0,0,0,0,0,0,0
2019,8,1,12,2008/1/19 12:00,1908,FRANCISCO,2,18.7,154.1,1002,1002hpa,0,0,0,0,0,0,0,0
2019,8,1,18,2008/1/19 18:00,1908,FRANCISCO,2,19.5,153.5,1000,1000hpa,0,0,0,0,0,0,0,0
2019,8,2,0,2008/2/19 0:00,1908,FRANCISCO,2,20.3,152.9,1000,1000hpa,0,0,0,0,0,0,0,0
2019,8,2,6,2008/2/19 6:00,1908,FRANCISCO,2,21.3,152.1,1000,1000hpa,0,0,0,0,0,0,0,0
2019,8,2,12,2008/2/19 12:00,1908,FRANCISCO,3,22.3,151.2,998,998hpa,35,0,0,0,1,150,90,0
2019,8,2,18,2008/2/19 18:00,1908,FRANCISCO,3,23.3,150,998,998hpa,35,0,0,0,1,150,90,0
2019,8,3,0,2008/3/19 0:00,1908,FRANCISCO,3,24.3,148.6,998,998hpa,35,0,0,0,1,150,90,0
2019,8,3,6,2008/3/19 6:00,1908,FRANCISCO,3,25.1,147.4,996,996hpa,40,0,0,0,1,150,90,0
2019,8,3,12,2008/3/19 12:00,1908,FRANCISCO,3,25.9,146.1,996,996hpa,40,0,0,0,1,150,90,0
2019,8,3,15,2008/3/19 15:00,1908,FRANCISCO,3,26.3,145.3,996,996hpa,40,0,0,0,9,120,120,0
2019,8,3,18,2008/3/19 18:00,1908,FRANCISCO,3,26.7,144.6,992,992hpa,45,0,0,0,9,120,120,0
2019,8,3,21,2008/3/19 21:00,1908,FRANCISCO,4,27.1,143.9,990,990hpa,50,0,0,0,9,120,120,0
2019,8,4,0,2008/4/19 0:00,1908,FRANCISCO,4,27.6,143.1,990,990hpa,50,0,0,0,1,120,90,0
2019,8,4,3,2008/4/19 3:00,1908,FRANCISCO,4,28.1,142.3,990,990hpa,50,0,0,0,1,120,90,0
2019,8,4,6,2008/4/19 6:00,1908,FRANCISCO,4,28.6,141.4,990,990hpa,50,0,0,0,1,120,90,0
2019,8,4,12,2008/4/19 12:00,1908,FRANCISCO,4,29.2,140.1,985,985hpa,55,9,30,30,1,120,90,0
2019,8,4,18,2008/4/19 18:00,1908,FRANCISCO,4,29.9,138.2,980,980hpa,60,9,30,30,1,120,90,0
2019,8,5,0,2008/5/19 0:00,1908,FRANCISCO,4,30.4,136.2,980,980hpa,60,9,30,30,8,150,90,0
2019,8,5,6,2008/5/19 6:00,1908,FRANCISCO,4,30.8,134.6,980,980hpa,60,9,40,40,8,150,90,0
2019,8,5,9,2008/5/19 9:00,1908,FRANCISCO,5,31,133.8,975,975hpa,65,9,40,40,8,150,90,0
2019,8,5,12,2008/5/19 12:00,1908,FRANCISCO,5,31.2,133,970,970hpa,70,9,40,40,2,120,90,0
2019,8,5,15,2008/5/19 15:00,1908,FRANCISCO,5,31.4,132.4,970,970hpa,70,9,40,40,2,120,90,0
2019,8,5,18,2008/5/19 18:00,1908,FRANCISCO,5,31.8,131.9,970,970hpa,70,9,30,30,9,90,90,0
2019,8,5,20,2008/5/19 20:00,1908,FRANCISCO,5,31.9,131.5,970,970hpa,70,9,30,30,9,90,90,1
2019,8,5,21,2008/5/19 21:00,1908,FRANCISCO,5,32.1,131.3,975,975hpa,65,9,30,30,9,90,90,0
2019,8,6,0,2008/6/19 0:00,1908,FRANCISCO,3,32.8,130.6,992,992hpa,45,0,0,0,2,90,60,0
2019,8,6,3,2008/6/19 3:00,1908,FRANCISCO,3,33.4,130,996,996hpa,40,0,0,0,2,90,60,0
2019,8,6,6,2008/6/19 6:00,1908,FRANCISCO,3,34,129.8,998,998hpa,35,0,0,0,2,90,60,0
2019,8,6,12,2008/6/19 12:00,1908,FRANCISCO,3,35.1,129.5,1000,1000hpa,35,0,0,0,9,60,60,0
2019,8,6,18,2008/6/19 18:00,1908,FRANCISCO,3,36.7,128.8,1000,1000hpa,35,0,0,0,9,60,60,0
2019,8,7,0,2008/7/19 0:00,1908,FRANCISCO,2,37.9,129,1000,1000hpa,0,0,0,0,0,0,0,0
2019,8,7,6,2008/7/19 6:00,1908,FRANCISCO,2,38.7,129.2,1002,1002hpa,0,0,0,0,0,0,0,0
2019,8,7,12,2008/7/19 12:00,1908,FRANCISCO,2,39.6,129.7,1002,1002hpa,0,0,0,0,0,0,0,0
2019,8,7,18,2008/7/19 18:00,1908,FRANCISCO,2,40.8,130.9,1000,1000hpa,0,0,0,0,0,0,0,0
2019,8,8,0,2008/8/19 0:00,1908,FRANCISCO,2,41.5,132.7,1000,1000hpa,0,0,0,0,0,0,0,0
2019,8,8,6,2008/8/19 6:00,1908,FRANCISCO,2,42.5,135.3,1000,1000hpa,0,0,0,0,0,0,0,0
2019,8,8,12,2008/8/19 12:00,1908,FRANCISCO,2,42.8,137.1,1000,1000hpa,0,0,0,0,0,0,0,0
2019,8,8,18,2008/8/19 18:00,1908,FRANCISCO,6,43,139.5,996,996hpa,0,0,0,0,0,0,0,0
2019,8,9,0,2008/9/19 0:00,1908,FRANCISCO,6,42.9,142,1000,1000hpa,0,0,0,0,0,0,0,0
2019,8,9,6,2008/9/19 6:00,1908,FRANCISCO,6,41.9,145.5,1002,1002hpa,0,0,0,0,0,0,0,0
2019,8,9,12,2008/9/19 12:00,1908,FRANCISCO,6,41,148.7,1002,1002hpa,0,0,0,0,0,0,0,0
2019,8,9,18,2008/9/19 18:00,1908,FRANCISCO,6,40.6,152,1004,1004hpa,0,0,0,0,0,0,0,0
2019,8,10,0,2008/10/19 0:00,1908,FRANCISCO,6,40.3,155.5,1006,1006hpa,0,0,0,0,0,0,0,0
2019,8,10,6,2008/10/19 6:00,1908,FRANCISCO,6,40,159.2,1006,1006hpa,0,0,0,0,0,0,0,0
2019,8,10,12,2008/10/19 12:00,1908,FRANCISCO,6,40.2,163.1,1006,1006hpa,0,0,0,0,0,0,0,0
2019,8,10,18,2008/10/19 18:00,1908,FRANCISCO,6,41,167.1,1006,1006hpa,0,0,0,0,0,0,0,0
2019,8,11,0,2008/11/19 0:00,1908,FRANCISCO,6,41.5,170.1,1006,1006hpa,0,0,0,0,0,0,0,0
2019,8,11,6,2008/11/19 6:00,1908,FRANCISCO,6,42.5,172.2,1006,1006hpa,0,0,0,0,0,0,0,0
2019,8,2,6,2008/2/19 6:00,1909,LEKIMA,2,14.5,134.3,1002,1002hpa,0,0,0,0,0,0,0,0
2019,8,2,12,2008/2/19 12:00,1909,LEKIMA,2,14.4,133.8,1002,1002hpa,0,0,0,0,0,0,0,0
2019,8,2,18,2008/2/19 18:00,1909,LEKIMA,2,14.3,133.3,1000,1000hpa,0,0,0,0,0,0,0,0
2019,8,3,0,2008/3/19 0:00,1909,LEKIMA,2,14.3,132.8,1000,1000hpa,0,0,0,0,0,0,0,0
2019,8,3,6,2008/3/19 6:00,1909,LEKIMA,2,14.5,132.3,1000,1000hpa,0,0,0,0,0,0,0,0
2019,8,3,12,2008/3/19 12:00,1909,LEKIMA,2,15,131.9,1000,1000hpa,0,0,0,0,0,0,0,0
2019,8,3,18,2008/3/19 18:00,1909,LEKIMA,2,15.7,131.5,998,998hpa,0,0,0,0,0,0,0,0
2019,8,4,0,2008/4/19 0:00,1909,LEKIMA,2,16.3,131,998,998hpa,0,0,0,0,0,0,0,0
2019,8,4,6,2008/4/19 6:00,1909,LEKIMA,3,16.9,130.6,994,994hpa,35,0,0,0,4,350,180,0
2019,8,4,12,2008/4/19 12:00,1909,LEKIMA,3,17.5,130.2,994,994hpa,40,0,0,0,4,350,180,0
2019,8,4,18,2008/4/19 18:00,1909,LEKIMA,3,17.7,130.1,994,994hpa,40,0,0,0,4,350,180,0
2019,8,5,0,2008/5/19 0:00,1909,LEKIMA,3,17.9,130,994,994hpa,40,0,0,0,4,350,180,0
2019,8,5,6,2008/5/19 6:00,1909,LEKIMA,3,18,129.9,990,990hpa,45,0,0,0,4,350,180,0
2019,8,5,12,2008/5/19 12:00,1909,LEKIMA,3,18.2,129.8,990,990hpa,45,0,0,0,4,350,230,0
2019,8,5,18,2008/5/19 18:00,1909,LEKIMA,4,18.5,129.5,985,985hpa,50,0,0,0,4,350,230,0
2019,8,6,0,2008/6/19 0:00,1909,LEKIMA,4,18.8,129.3,985,985hpa,50,0,0,0,4,350,230,0
2019,8,6,6,2008/6/19 6:00,1909,LEKIMA,4,19.2,129,980,980hpa,55,9,30,30,4,350,230,0
2019,8,6,12,2008/6/19 12:00,1909,LEKIMA,5,19.5,128.7,975,975hpa,65,9,40,40,4,350,270,0
2019,8,6,18,2008/6/19 18:00,1909,LEKIMA,5,19.9,128.4,970,970hpa,70,9,60,60,4,350,270,0
2019,8,7,0,2008/7/19 0:00,1909,LEKIMA,5,20.4,128.1,960,960hpa,75,9,100,100,4,350,270,0
2019,8,7,6,2008/7/19 6:00,1909,LEKIMA,5,21,127.6,950,950hpa,80,9,100,100,9,270,270,0
2019,8,7,12,2008/7/19 12:00,1909,LEKIMA,5,21.6,127,940,940hpa,90,9,100,100,9,270,270,0
2019,8,7,18,2008/7/19 18:00,1909,LEKIMA,5,22.1,126.5,935,935hpa,95,9,100,100,9,270,270,0
2019,8,7,21,2008/7/19 21:00,1909,LEKIMA,5,22.4,126.2,935,935hpa,95,9,100,100,9,270,270,0
2019,8,8,0,2008/8/19 0:00,1909,LEKIMA,5,22.7,126,935,935hpa,95,9,100,100,9,270,270,0
2019,8,8,3,2008/8/19 3:00,1909,LEKIMA,5,23.2,125.7,935,935hpa,95,9,100,100,9,270,270,0
2019,8,8,6,2008/8/19 6:00,1909,LEKIMA,5,23.6,125.4,930,930hpa,100,9,100,100,9,270,270,0
2019,8,8,9,2008/8/19 9:00,1909,LEKIMA,5,24,125.2,930,930hpa,100,9,100,100,9,270,270,0
2019,8,8,12,2008/8/19 12:00,1909,LEKIMA,5,24.3,125,925,925hpa,105,9,100,100,9,300,300,0
2019,8,8,15,2008/8/19 15:00,1909,LEKIMA,5,24.9,124.8,925,925hpa,105,9,100,100,9,300,300,0
2019,8,8,18,2008/8/19 18:00,1909,LEKIMA,5,25.5,124.5,935,935hpa,95,9,100,100,9,300,300,0
2019,8,8,21,2008/8/19 21:00,1909,LEKIMA,5,26,124,935,935hpa,95,9,100,100,9,300,300,0
2019,8,9,0,2008/9/19 0:00,1909,LEKIMA,5,26.4,123.4,940,940hpa,90,9,100,100,9,300,300,0
2019,8,9,6,2008/9/19 6:00,1909,LEKIMA,5,27.1,122.5,940,940hpa,90,9,100,100,9,300,300,0
2019,8,9,12,2008/9/19 12:00,1909,LEKIMA,5,27.5,122,940,940hpa,90,9,100,100,9,300,300,0
2019,8,9,18,2008/9/19 18:00,1909,LEKIMA,5,28.2,121.3,950,950hpa,85,2,100,70,2,300,250,0
2019,8,10,0,2008/10/19 0:00,1909,LEKIMA,4,29.1,120.7,970,970hpa,60,9,60,60,2,300,250,0
2019,8,10,6,2008/10/19 6:00,1909,LEKIMA,4,29.9,120.4,975,975hpa,50,0,0,0,2,375,250,0
2019,8,10,12,2008/10/19 12:00,1909,LEKIMA,3,30.8,120.4,980,980hpa,45,0,0,0,2,375,250,0
2019,8,10,18,2008/10/19 18:00,1909,LEKIMA,3,32.3,120.3,980,980hpa,45,0,0,0,2,375,250,0
2019,8,11,0,2008/11/19 0:00,1909,LEKIMA,3,33.6,120.1,980,980hpa,45,0,0,0,2,375,250,0
2019,8,11,6,2008/11/19 6:00,1909,LEKIMA,3,35,120,980,980hpa,45,0,0,0,2,375,150,0
2019,8,11,12,2008/11/19 12:00,1909,LEKIMA,3,35.9,120,980,980hpa,45,0,0,0,2,300,150,0
2019,8,11,18,2008/11/19 18:00,1909,LEKIMA,3,37.1,120.1,980,980hpa,40,0,0,0,2,300,150,0
2019,8,12,0,2008/12/19 0:00,1909,LEKIMA,3,37.8,119.6,985,985hpa,35,0,0,0,9,180,180,0
2019,8,12,6,2008/12/19 6:00,1909,LEKIMA,3,37.9,119.5,985,985hpa,35,0,0,0,9,180,180,0
2019,8,12,12,2008/12/19 12:00,1909,LEKIMA,3,36.9,119.6,990,990hpa,35,0,0,0,9,180,180,0
2019,8,12,18,2008/12/19 18:00,1909,LEKIMA,2,37,120,992,992hpa,0,0,0,0,0,0,0,0
2019,8,13,0,8/13/19 0:00,1909,LEKIMA,2,37.2,120,996,996hpa,0,0,0,0,0,0,0,0
2019,8,13,6,8/13/19 6:00,1909,LEKIMA,2,38.1,120.5,996,996hpa,0,0,0,0,0,0,0,0
2019,8,13,12,8/13/19 12:00,1909,LEKIMA,2,38.6,120.9,998,998hpa,0,0,0,0,0,0,0,0
2019,8,13,18,8/13/19 18:00,1909,LEKIMA,2,38.9,121.1,998,998hpa,0,0,0,0,0,0,0,0
2019,8,14,0,8/14/19 0:00,1909,LEKIMA,6,38.8,121.4,1000,1000hpa,0,0,0,0,0,0,0,0
2019,8,14,6,8/14/19 6:00,1909,LEKIMA,6,38.8,121.5,1000,1000hpa,0,0,0,0,0,0,0,0
2019,8,14,12,8/14/19 12:00,1909,LEKIMA,6,38.6,121.7,998,998hpa,0,0,0,0,0,0,0,0
2019,8,14,18,8/14/19 18:00,1909,LEKIMA,6,38.4,121.9,996,996hpa,0,0,0,0,0,0,0,0
2019,8,5,0,2008/5/19 0:00,1910,KROSA,2,15.6,147.7,1004,1004hpa,0,0,0,0,0,0,0,0
2019,8,5,6,2008/5/19 6:00,1910,KROSA,2,16.1,146.5,1000,1000hpa,0,0,0,0,0,0,0,0
2019,8,5,12,2008/5/19 12:00,1910,KROSA,2,16.8,145.2,1000,1000hpa,0,0,0,0,0,0,0,0
2019,8,5,18,2008/5/19 18:00,1910,KROSA,2,17.5,144,1000,1000hpa,0,0,0,0,0,0,0,0
2019,8,6,0,2008/6/19 0:00,1910,KROSA,2,18,143.4,1000,1000hpa,0,0,0,0,0,0,0,0
2019,8,6,6,2008/6/19 6:00,1910,KROSA,3,18.5,142.8,998,998hpa,35,0,0,0,9,300,300,0
2019,8,6,12,2008/6/19 12:00,1910,KROSA,3,18.9,142.4,996,996hpa,40,0,0,0,9,300,300,0
2019,8,6,18,2008/6/19 18:00,1910,KROSA,3,19.7,142.1,992,992hpa,45,0,0,0,9,300,300,0
2019,8,7,0,2008/7/19 0:00,1910,KROSA,4,20.5,141.9,990,990hpa,50,0,0,0,9,300,300,0
2019,8,7,6,2008/7/19 6:00,1910,KROSA,4,21.1,141.4,990,990hpa,50,0,0,0,9,300,300,0
2019,8,7,12,2008/7/19 12:00,1910,KROSA,4,21.5,141,980,980hpa,60,9,40,40,9,300,300,0
2019,8,7,18,2008/7/19 18:00,1910,KROSA,5,21.7,140.8,975,975hpa,65,9,50,50,9,300,300,0
2019,8,8,0,2008/8/19 0:00,1910,KROSA,5,21.9,140.5,970,970hpa,70,9,50,50,9,350,350,0
2019,8,8,6,2008/8/19 6:00,1910,KROSA,5,22.1,140.6,965,965hpa,75,9,90,90,9,350,350,0
2019,8,8,12,2008/8/19 12:00,1910,KROSA,5,22.1,140.7,965,965hpa,75,9,90,90,9,350,350,0
2019,8,8,18,2008/8/19 18:00,1910,KROSA,5,22,141,965,965hpa,75,9,90,90,9,325,325,0
2019,8,9,0,2008/9/19 0:00,1910,KROSA,5,22,141.1,965,965hpa,75,9,90,90,9,325,325,0
2019,8,9,6,2008/9/19 6:00,1910,KROSA,5,22,141.3,965,965hpa,75,9,90,90,4,350,300,0
2019,8,9,12,2008/9/19 12:00,1910,KROSA,5,22.2,141.4,965,965hpa,75,9,90,90,4,350,300,0
2019,8,9,18,2008/9/19 18:00,1910,KROSA,5,22.3,141.4,965,965hpa,70,9,90,90,4,350,300,0
2019,8,10,0,2008/10/19 0:00,1910,KROSA,5,22.7,141.3,965,965hpa,70,9,90,90,4,350,300,0
2019,8,10,6,2008/10/19 6:00,1910,KROSA,5,22.9,141,965,965hpa,65,9,100,100,4,350,300,0
2019,8,10,12,2008/10/19 12:00,1910,KROSA,5,22.8,140.7,965,965hpa,65,9,100,100,4,350,300,0
2019,8,10,18,2008/10/19 18:00,1910,KROSA,5,22.7,140.5,965,965hpa,65,9,100,100,4,450,350,0
2019,8,11,0,2008/11/19 0:00,1910,KROSA,5,23.1,140.3,965,965hpa,65,9,100,100,4,450,350,0
2019,8,11,6,2008/11/19 6:00,1910,KROSA,5,23.6,139.8,965,965hpa,65,9,100,100,4,500,300,0
2019,8,11,12,2008/11/19 12:00,1910,KROSA,4,24,139.2,965,965hpa,60,9,120,120,4,500,300,0
2019,8,11,18,2008/11/19 18:00,1910,KROSA,4,24.2,138.5,965,965hpa,60,9,150,150,4,500,300,0
2019,8,12,0,2008/12/19 0:00,1910,KROSA,4,24.7,138,965,965hpa,60,9,180,180,4,500,300,0
2019,8,12,6,2008/12/19 6:00,1910,KROSA,4,25,137.7,970,970hpa,50,0,0,0,4,600,300,0
2019,8,12,12,2008/12/19 12:00,1910,KROSA,4,25.9,137.1,970,970hpa,50,0,0,0,4,600,300,0
2019,8,12,18,2008/12/19 18:00,1910,KROSA,4,26.8,136.4,970,970hpa,50,0,0,0,4,600,350,0
2019,8,13,0,8/13/19 0:00,1910,KROSA,4,27.4,135.2,970,970hpa,50,0,0,0,4,600,350,0
2019,8,13,6,8/13/19 6:00,1910,KROSA,4,27.6,134.7,970,970hpa,50,0,0,0,4,600,325,0
2019,8,13,12,8/13/19 12:00,1910,KROSA,4,28.1,134.3,970,970hpa,50,0,0,0,4,600,325,0
2019,8,13,18,8/13/19 18:00,1910,KROSA,4,28.3,133.5,965,965hpa,55,9,130,130,4,450,325,0
2019,8,13,21,8/13/19 21:00,1910,KROSA,4,28.4,133.4,965,965hpa,55,9,130,130,3,325,280,0
2019,8,14,0,8/14/19 0:00,1910,KROSA,4,28.8,133.2,965,965hpa,55,9,130,130,3,325,280,0
2019,8,14,3,8/14/19 3:00,1910,KROSA,4,29.1,133.1,965,965hpa,55,3,140,110,3,325,280,0
2019,8,14,6,8/14/19 6:00,1910,KROSA,4,29.6,133.1,965,965hpa,55,3,150,90,3,325,280,0
2019,8,14,9,8/14/19 9:00,1910,KROSA,4,30.1,133,965,965hpa,55,3,150,90,3,325,280,0
2019,8,14,12,8/14/19 12:00,1910,KROSA,4,30.6,132.9,965,965hpa,55,3,150,90,3,325,280,0
2019,8,14,15,8/14/19 15:00,1910,KROSA,4,30.8,132.7,965,965hpa,55,2,180,90,2,325,270,0
2019,8,14,18,8/14/19 18:00,1910,KROSA,4,31.7,132.6,970,970hpa,55,2,180,90,2,325,270,0
2019,8,14,21,8/14/19 21:00,1910,KROSA,4,32.2,132.6,975,975hpa,55,2,180,30,2,325,270,0
2019,8,15,0,8/15/19 0:00,1910,KROSA,4,32.7,132.4,975,975hpa,50,0,0,0,2,325,270,0
2019,8,15,2,8/15/19 2:00,1910,KROSA,4,33.4,132.3,975,975hpa,50,0,0,0,2,325,270,1
2019,8,15,3,8/15/19 3:00,1910,KROSA,4,33.6,132.3,975,975hpa,50,0,0,0,2,325,270,0
2019,8,15,6,8/15/19 6:00,1910,KROSA,3,34.3,132.6,978,978hpa,45,0,0,0,2,325,270,1
2019,8,15,9,8/15/19 9:00,1910,KROSA,3,35.3,133,978,978hpa,45,0,0,0,3,325,270,0
2019,8,15,12,8/15/19 12:00,1910,KROSA,3,36.2,133.1,980,980hpa,45,0,0,0,3,325,270,0
2019,8,15,18,8/15/19 18:00,1910,KROSA,3,38,133.5,980,980hpa,45,0,0,0,3,375,270,0
2019,8,16,0,8/16/19 0:00,1910,KROSA,3,39.9,134.3,980,980hpa,45,0,0,0,3,400,250,0
2019,8,16,6,8/16/19 6:00,1910,KROSA,3,40.9,135.6,980,980hpa,45,0,0,0,3,425,250,0
2019,8,16,12,8/16/19 12:00,1910,KROSA,6,43,138,984,984hpa,0,0,0,0,0,0,0,0
2019,8,16,18,8/16/19 18:00,1910,KROSA,6,43.7,138.5,986,986hpa,0,0,0,0,0,0,0,0
2019,8,17,0,8/17/19 0:00,1910,KROSA,6,44.4,140.1,990,990hpa,0,0,0,0,0,0,0,0
2019,8,17,6,8/17/19 6:00,1910,KROSA,6,44.7,140.5,994,994hpa,0,0,0,0,0,0,0,0
2019,8,17,12,8/17/19 12:00,1910,KROSA,6,45.1,141,1000,1000hpa,0,0,0,0,0,0,0,0
2019,8,19,12,8/19/19 12:00,1911,BAILU,2,13,134,1006,1006hpa,0,0,0,0,0,0,0,0
2019,8,19,18,8/19/19 18:00,1911,BAILU,2,13.1,133.9,1004,1004hpa,0,0,0,0,0,0,0,0
2019,8,20,0,8/20/19 0:00,1911,BAILU,2,13.4,133.8,1004,1004hpa,0,0,0,0,0,0,0,0
2019,8,20,6,8/20/19 6:00,1911,BAILU,2,13.7,133.5,1002,1002hpa,0,0,0,0,0,0,0,0
2019,8,20,12,8/20/19 12:00,1911,BAILU,2,14.1,133.2,1002,1002hpa,0,0,0,0,0,0,0,0
2019,8,20,18,8/20/19 18:00,1911,BAILU,2,14.3,132.8,1000,1000hpa,0,0,0,0,0,0,0,0
2019,8,21,0,8/21/19 0:00,1911,BAILU,2,14.5,132.3,1000,1000hpa,0,0,0,0,0,0,0,0
2019,8,21,6,8/21/19 6:00,1911,BAILU,3,14.6,131.3,998,998hpa,35,0,0,0,9,300,300,0
2019,8,21,12,8/21/19 12:00,1911,BAILU,3,14.8,130.4,998,998hpa,35,0,0,0,9,300,300,0
2019,8,21,18,8/21/19 18:00,1911,BAILU,3,15.2,129.8,996,996hpa,35,0,0,0,9,300,300,0
2019,8,22,0,8/22/19 0:00,1911,BAILU,3,15.4,129.1,994,994hpa,40,0,0,0,9,300,300,0
2019,8,22,6,8/22/19 6:00,1911,BAILU,3,15.7,128.5,994,994hpa,40,0,0,0,9,300,300,0
2019,8,22,12,8/22/19 12:00,1911,BAILU,3,16.3,127.8,990,990hpa,45,0,0,0,9,300,300,0
2019,8,22,18,8/22/19 18:00,1911,BAILU,4,17.2,127.3,985,985hpa,50,0,0,0,9,300,300,0
2019,8,23,0,8/23/19 0:00,1911,BAILU,4,18.3,126.4,985,985hpa,50,0,0,0,9,300,300,0
2019,8,23,6,8/23/19 6:00,1911,BAILU,4,19.1,125.4,985,985hpa,50,0,0,0,9,270,270,0
2019,8,23,12,8/23/19 12:00,1911,BAILU,4,19.9,124.5,985,985hpa,50,0,0,0,9,270,270,0
2019,8,23,18,8/23/19 18:00,1911,BAILU,4,20.7,123,985,985hpa,50,0,0,0,9,240,240,0
2019,8,24,0,8/24/19 0:00,1911,BAILU,4,21.5,121.8,985,985hpa,50,0,0,0,9,240,240,0
2019,8,24,6,8/24/19 6:00,1911,BAILU,4,22.4,120.7,985,985hpa,50,0,0,0,9,240,240,0
2019,8,24,12,8/24/19 12:00,1911,BAILU,4,22.4,119.3,990,990hpa,50,0,0,0,9,240,240,0
2019,8,24,18,8/24/19 18:00,1911,BAILU,3,22.7,118,994,994hpa,40,0,0,0,9,240,240,0
2019,8,25,0,8/25/19 0:00,1911,BAILU,3,24.1,117.1,994,994hpa,40,0,0,0,2,270,180,0
2019,8,25,6,8/25/19 6:00,1911,BAILU,3,24.6,115.7,994,994hpa,40,0,0,0,2,270,180,0
2019,8,25,12,8/25/19 12:00,1911,BAILU,3,24.7,114.2,996,996hpa,35,0,0,0,2,270,180,0
2019,8,25,18,8/25/19 18:00,1911,BAILU,2,24.8,113,998,998hpa,0,0,0,0,0,0,0,0
2019,8,26,0,8/26/19 0:00,1911,BAILU,2,25.3,112.1,1000,1000hpa,0,0,0,0,0,0,0,0
2019,8,26,6,8/26/19 6:00,1911,BAILU,2,25.7,111.1,1000,1000hpa,0,0,0,0,0,0,0,0
2019,8,24,6,8/24/19 6:00,1912,PODUL,2,8.4,142.5,1004,1004hpa,0,0,0,0,0,0,0,0
2019,8,24,12,8/24/19 12:00,1912,PODUL,2,8.1,140,1006,1006hpa,0,0,0,0,0,0,0,0
2019,8,24,18,8/24/19 18:00,1912,PODUL,2,8.3,138.6,1006,1006hpa,0,0,0,0,0,0,0,0
2019,8,25,0,8/25/19 0:00,1912,PODUL,2,11,137.7,1006,1006hpa,0,0,0,0,0,0,0,0
2019,8,25,6,8/25/19 6:00,1912,PODUL,2,12,136.9,1004,1004hpa,0,0,0,0,0,0,0,0
2019,8,25,12,8/25/19 12:00,1912,PODUL,2,12.4,135.5,1004,1004hpa,0,0,0,0,0,0,0,0
2019,8,25,18,8/25/19 18:00,1912,PODUL,2,12.5,133.6,1002,1002hpa,0,0,0,0,0,0,0,0
2019,8,26,0,8/26/19 0:00,1912,PODUL,2,12.8,132.2,1002,1002hpa,0,0,0,0,0,0,0,0
2019,8,26,6,8/26/19 6:00,1912,PODUL,2,13.1,130.8,1000,1000hpa,0,0,0,0,0,0,0,0
2019,8,26,12,8/26/19 12:00,1912,PODUL,2,13.5,129.5,1002,1002hpa,0,0,0,0,0,0,0,0
2019,8,26,18,8/26/19 18:00,1912,PODUL,2,13.5,128.2,1002,1002hpa,0,0,0,0,0,0,0,0
2019,8,27,0,8/27/19 0:00,1912,PODUL,2,14.4,126.5,1002,1002hpa,0,0,0,0,0,0,0,0
2019,8,27,6,8/27/19 6:00,1912,PODUL,2,15.4,124.2,1000,1000hpa,0,0,0,0,0,0,0,0
2019,8,27,12,8/27/19 12:00,1912,PODUL,2,16,121.9,1002,1002hpa,0,0,0,0,0,0,0,0
2019,8,27,18,8/27/19 18:00,1912,PODUL,2,16.1,119.6,1000,1000hpa,0,0,0,0,0,0,0,0
2019,8,28,0,8/28/19 0:00,1912,PODUL,3,16.5,117.3,998,998hpa,35,0,0,0,8,240,120,0
2019,8,28,6,8/28/19 6:00,1912,PODUL,3,16.6,116,996,996hpa,40,0,0,0,1,210,100,0
2019,8,28,12,8/28/19 12:00,1912,PODUL,3,16.9,114.5,994,994hpa,40,0,0,0,1,180,90,0
2019,8,28,18,8/28/19 18:00,1912,PODUL,3,17.2,113.2,994,994hpa,40,0,0,0,1,180,90,0
2019,8,29,0,8/29/19 0:00,1912,PODUL,3,17.5,111.1,994,994hpa,40,0,0,0,1,180,90,0
2019,8,29,6,8/29/19 6:00,1912,PODUL,3,17.5,109.1,992,992hpa,40,0,0,0,8,200,100,0
2019,8,29,12,8/29/19 12:00,1912,PODUL,3,17.6,108.3,992,992hpa,40,0,0,0,1,200,100,0
2019,8,29,18,8/29/19 18:00,1912,PODUL,3,17.4,106.3,994,994hpa,35,0,0,0,1,150,60,0
2019,8,30,0,8/30/19 0:00,1912,PODUL,2,16.8,105.1,994,994hpa,0,0,0,0,0,0,0,0
2019,8,30,6,8/30/19 6:00,1912,PODUL,2,16.7,103.3,996,996hpa,0,0,0,0,0,0,0,0
2019,8,30,12,8/30/19 12:00,1912,PODUL,2,16.7,102.7,996,996hpa,0,0,0,0,0,0,0,0
2019,8,30,18,8/30/19 18:00,1912,PODUL,2,17.3,102.6,998,998hpa,0,0,0,0,0,0,0,0
2019,8,31,0,8/31/19 0:00,1912,PODUL,2,17.9,102.1,1000,1000hpa,0,0,0,0,0,0,0,0
2019,8,31,0,8/31/19 0:00,1913,LINGLING,2,6.2,133.7,1006,1006hpa,0,0,0,0,0,0,0,0
2019,8,31,6,8/31/19 6:00,1913,LINGLING,2,7,132.9,1004,1004hpa,0,0,0,0,0,0,0,0
2019,8,31,12,8/31/19 12:00,1913,LINGLING,2,8,132,1006,1006hpa,0,0,0,0,0,0,0,0
2019,8,31,18,8/31/19 18:00,1913,LINGLING,2,9,131.3,1004,1004hpa,0,0,0,0,0,0,0,0
2019,9,1,0,2009/1/19 0:00,1913,LINGLING,2,10.8,130.2,1006,1006hpa,0,0,0,0,0,0,0,0
2019,9,1,6,2009/1/19 6:00,1913,LINGLING,2,12.6,129.1,1004,1004hpa,0,0,0,0,0,0,0,0
2019,9,1,12,2009/1/19 12:00,1913,LINGLING,2,13.8,127.7,1002,1002hpa,0,0,0,0,0,0,0,0
2019,9,1,18,2009/1/19 18:00,1913,LINGLING,2,14.4,126.9,1002,1002hpa,0,0,0,0,0,0,0,0
2019,9,2,0,2009/2/19 0:00,1913,LINGLING,3,15.2,126.1,1000,1000hpa,35,0,0,0,1,150,120,0
2019,9,2,6,2009/2/19 6:00,1913,LINGLING,3,16.7,125,1000,1000hpa,35,0,0,0,1,210,120,0
2019,9,2,12,2009/2/19 12:00,1913,LINGLING,3,18,124.3,998,998hpa,40,0,0,0,1,210,120,0
2019,9,2,18,2009/2/19 18:00,1913,LINGLING,3,18.9,124,994,994hpa,45,0,0,0,1,210,120,0
2019,9,3,0,2009/3/19 0:00,1913,LINGLING,4,19.7,123.9,992,992hpa,50,0,0,0,2,210,120,0
2019,9,3,6,2009/3/19 6:00,1913,LINGLING,4,20.6,124,990,990hpa,55,9,40,40,2,210,150,0
2019,9,3,12,2009/3/19 12:00,1913,LINGLING,4,21.3,124.2,985,985hpa,60,9,60,60,2,210,150,0
2019,9,3,18,2009/3/19 18:00,1913,LINGLING,5,21.7,124.4,980,980hpa,65,9,60,60,2,180,120,0
2019,9,4,0,2009/4/19 0:00,1913,LINGLING,5,22,124.6,975,975hpa,70,9,60,60,2,180,120,0
2019,9,4,6,2009/4/19 6:00,1913,LINGLING,5,22.4,124.9,970,970hpa,75,9,60,60,2,180,120,0
2019,9,4,12,2009/4/19 12:00,1913,LINGLING,5,22.9,125.3,965,965hpa,80,9,60,60,2,180,120,0
2019,9,4,15,2009/4/19 15:00,1913,LINGLING,5,23.3,125.4,960,960hpa,80,9,60,60,2,180,120,0
2019,9,4,18,2009/4/19 18:00,1913,LINGLING,5,23.5,125.4,955,955hpa,85,9,70,70,2,180,120,0
2019,9,4,21,2009/4/19 21:00,1913,LINGLING,5,23.8,125.3,950,950hpa,85,9,70,70,2,180,120,0
2019,9,5,0,2009/5/19 0:00,1913,LINGLING,5,24.2,125.3,950,950hpa,85,9,70,70,2,180,120,0
2019,9,5,3,2009/5/19 3:00,1913,LINGLING,5,24.5,125.3,945,945hpa,90,9,70,70,2,180,120,0
2019,9,5,6,2009/5/19 6:00,1913,LINGLING,5,24.9,125.3,940,940hpa,95,9,70,70,2,210,120,0
2019,9,5,9,2009/5/19 9:00,1913,LINGLING,5,25.4,125.3,940,940hpa,95,9,70,70,2,210,120,0
2019,9,5,12,2009/5/19 12:00,1913,LINGLING,5,25.7,125.2,940,940hpa,95,2,90,70,2,210,150,0
2019,9,5,15,2009/5/19 15:00,1913,LINGLING,5,26.2,125.2,940,940hpa,95,2,90,70,2,210,150,0
2019,9,5,18,2009/5/19 18:00,1913,LINGLING,5,26.8,125.2,945,945hpa,90,2,90,70,2,210,150,0
2019,9,5,21,2009/5/19 21:00,1913,LINGLING,5,27.3,125.2,945,945hpa,90,2,90,70,2,210,150,0
2019,9,6,0,2009/6/19 0:00,1913,LINGLING,5,28,125.1,950,950hpa,85,2,90,70,2,240,150,0
2019,9,6,6,2009/6/19 6:00,1913,LINGLING,5,29.6,125.2,955,955hpa,80,2,90,70,2,250,160,0
2019,9,6,12,2009/6/19 12:00,1913,LINGLING,5,31.4,125.2,960,960hpa,75,2,90,70,3,300,160,0
2019,9,6,18,2009/6/19 18:00,1913,LINGLING,5,33.6,125.2,965,965hpa,70,2,90,70,3,300,160,0
2019,9,7,0,2009/7/19 0:00,1913,LINGLING,5,35.8,125.1,970,970hpa,65,9,70,70,3,300,160,0
2019,9,7,6,2009/7/19 6:00,1913,LINGLING,4,37.9,125.2,975,975hpa,60,9,70,70,2,300,160,0
2019,9,7,12,2009/7/19 12:00,1913,LINGLING,4,40.8,126.4,985,985hpa,50,0,0,0,2,300,160,0
2019,9,7,18,2009/7/19 18:00,1913,LINGLING,3,44.4,128.5,985,985hpa,45,0,0,0,2,300,160,0
2019,9,8,0,2009/8/19 0:00,1913,LINGLING,6,47.3,130.5,984,984hpa,0,0,0,0,0,0,0,0
2019,9,8,6,2009/8/19 6:00,1913,LINGLING,6,48.8,132.8,982,982hpa,0,0,0,0,0,0,0,0
2019,9,8,12,2009/8/19 12:00,1913,LINGLING,6,51.1,137.2,982,982hpa,0,0,0,0,0,0,0,0
2019,9,8,18,2009/8/19 18:00,1913,LINGLING,6,52.7,140.4,976,976hpa,0,0,0,0,0,0,0,0
2019,9,9,0,2009/9/19 0:00,1913,LINGLING,6,53.9,143.4,976,976hpa,0,0,0,0,0,0,0,0
2019,9,9,6,2009/9/19 6:00,1913,LINGLING,6,54,147.7,972,972hpa,0,0,0,0,0,0,0,0
2019,9,9,12,2009/9/19 12:00,1913,LINGLING,6,54.6,151.2,972,972hpa,0,0,0,0,0,0,0,0
2019,9,9,18,2009/9/19 18:00,1913,LINGLING,6,55.2,155.6,976,976hpa,0,0,0,0,0,0,0,0
2019,9,10,0,2009/10/19 0:00,1913,LINGLING,6,55.6,162.6,980,980hpa,0,0,0,0,0,0,0,0
2019,9,10,6,2009/10/19 6:00,1913,LINGLING,6,57.1,166.4,980,980hpa,0,0,0,0,0,0,0,0
2019,9,10,12,2009/10/19 12:00,1913,LINGLING,6,57.4,168.4,980,980hpa,0,0,0,0,0,0,0,0
2019,9,10,18,2009/10/19 18:00,1913,LINGLING,6,58,170.6,978,978hpa,0,0,0,0,0,0,0,0
2019,9,11,0,2009/11/19 0:00,1913,LINGLING,6,58.3,171.9,978,978hpa,0,0,0,0,0,0,0,0
2019,9,11,6,2009/11/19 6:00,1913,LINGLING,6,58.5,173.6,974,974hpa,0,0,0,0,0,0,0,0
2019,9,11,12,2009/11/19 12:00,1913,LINGLING,6,59.1,176.6,972,972hpa,0,0,0,0,0,0,0,0
2019,9,11,18,2009/11/19 18:00,1913,LINGLING,6,59.4,179.4,972,972hpa,0,0,0,0,0,0,0,0
2019,9,12,0,2009/12/19 0:00,1913,LINGLING,6,60.1,183.1,970,970hpa,0,0,0,0,0,0,0,0
2019,8,30,0,8/30/19 0:00,1914,KAJIKI,2,18.2,126.3,1008,1008hpa,0,0,0,0,0,0,0,0
2019,8,30,6,8/30/19 6:00,1914,KAJIKI,2,18.1,125.9,1006,1006hpa,0,0,0,0,0,0,0,0
2019,8,30,12,8/30/19 12:00,1914,KAJIKI,2,18.1,125,1006,1006hpa,0,0,0,0,0,0,0,0
2019,8,30,18,8/30/19 18:00,1914,KAJIKI,2,18.1,123.8,1006,1006hpa,0,0,0,0,0,0,0,0
2019,8,31,0,8/31/19 0:00,1914,KAJIKI,2,18.3,122.7,1006,1006hpa,0,0,0,0,0,0,0,0
2019,8,31,6,8/31/19 6:00,1914,KAJIKI,2,19.5,121.9,1004,1004hpa,0,0,0,0,0,0,0,0
2019,8,31,12,8/31/19 12:00,1914,KAJIKI,2,19,120.5,1004,1004hpa,0,0,0,0,0,0,0,0
2019,8,31,18,8/31/19 18:00,1914,KAJIKI,2,19.3,118.6,1002,1002hpa,0,0,0,0,0,0,0,0
2019,9,1,0,2009/1/19 0:00,1914,KAJIKI,2,19,117.3,1002,1002hpa,0,0,0,0,0,0,0,0
2019,9,1,6,2009/1/19 6:00,1914,KAJIKI,2,19,115.4,1000,1000hpa,0,0,0,0,0,0,0,0
2019,9,1,12,2009/1/19 12:00,1914,KAJIKI,2,19,113.6,1000,1000hpa,0,0,0,0,0,0,0,0
2019,9,1,18,2009/1/19 18:00,1914,KAJIKI,2,18.9,112.4,1000,1000hpa,0,0,0,0,0,0,0,0
2019,9,2,0,2009/2/19 0:00,1914,KAJIKI,2,18.7,111.4,998,998hpa,0,0,0,0,0,0,0,0
2019,9,2,6,2009/2/19 6:00,1914,KAJIKI,2,18.4,109.3,998,998hpa,0,0,0,0,0,0,0,0
2019,9,2,12,2009/2/19 12:00,1914,KAJIKI,3,17.2,108.4,996,996hpa,35,0,0,0,1,240,120,0
2019,9,2,18,2009/2/19 18:00,1914,KAJIKI,3,16.4,107.4,996,996hpa,35,0,0,0,1,240,120,0
2019,9,3,0,2009/3/19 0:00,1914,KAJIKI,3,15.7,106.9,998,998hpa,35,0,0,0,1,300,120,0
2019,9,3,6,2009/3/19 6:00,1914,KAJIKI,3,16,107.8,998,998hpa,35,0,0,0,1,300,120,0
2019,9,3,12,2009/3/19 12:00,1914,KAJIKI,2,16.4,108.5,998,998hpa,0,0,0,0,0,0,0,0
2019,9,3,18,2009/3/19 18:00,1914,KAJIKI,2,16.7,108,998,998hpa,0,0,0,0,0,0,0,0
2019,9,4,0,2009/4/19 0:00,1914,KAJIKI,2,16.7,107.9,998,998hpa,0,0,0,0,0,0,0,0
2019,9,4,6,2009/4/19 6:00,1914,KAJIKI,2,16.7,108,998,998hpa,0,0,0,0,0,0,0,0
2019,9,4,12,2009/4/19 12:00,1914,KAJIKI,2,16.6,108.8,998,998hpa,0,0,0,0,0,0,0,0
2019,9,4,18,2009/4/19 18:00,1914,KAJIKI,2,17.2,109.2,1000,1000hpa,0,0,0,0,0,0,0,0
2019,9,5,0,2009/5/19 0:00,1914,KAJIKI,2,17.6,110.2,1000,1000hpa,0,0,0,0,0,0,0,0
2019,9,5,6,2009/5/19 6:00,1914,KAJIKI,2,18.2,111.6,1000,1000hpa,0,0,0,0,0,0,0,0
2019,9,5,12,2009/5/19 12:00,1914,KAJIKI,2,19.1,112.8,1000,1000hpa,0,0,0,0,0,0,0,0
2019,9,5,18,2009/5/19 18:00,1914,KAJIKI,2,19.6,113,1000,1000hpa,0,0,0,0,0,0,0,0
2019,9,6,0,2009/6/19 0:00,1914,KAJIKI,2,19.4,112.3,1000,1000hpa,0,0,0,0,0,0,0,0
2019,9,6,6,2009/6/19 6:00,1914,KAJIKI,2,18.6,112.5,1000,1000hpa,0,0,0,0,0,0,0,0
2019,9,2,0,2009/2/19 0:00,1915,FAXAI,2,15.9,167.9,1010,1010hpa,0,0,0,0,0,0,0,0
2019,9,2,6,2009/2/19 6:00,1915,FAXAI,2,16.2,166.6,1008,1008hpa,0,0,0,0,0,0,0,0
2019,9,2,12,2009/2/19 12:00,1915,FAXAI,2,16.5,165.4,1008,1008hpa,0,0,0,0,0,0,0,0
2019,9,2,18,2009/2/19 18:00,1915,FAXAI,2,16.8,164.3,1008,1008hpa,0,0,0,0,0,0,0,0
2019,9,3,0,2009/3/19 0:00,1915,FAXAI,2,17,163,1008,1008hpa,0,0,0,0,0,0,0,0
2019,9,3,6,2009/3/19 6:00,1915,FAXAI,2,17.1,161.8,1006,1006hpa,0,0,0,0,0,0,0,0
2019,9,3,12,2009/3/19 12:00,1915,FAXAI,2,17.2,161,1008,1008hpa,0,0,0,0,0,0,0,0
2019,9,3,18,2009/3/19 18:00,1915,FAXAI,2,17.5,160.2,1006,1006hpa,0,0,0,0,0,0,0,0
2019,9,4,0,2009/4/19 0:00,1915,FAXAI,2,17.8,159.4,1008,1008hpa,0,0,0,0,0,0,0,0
2019,9,4,6,2009/4/19 6:00,1915,FAXAI,2,18,158.5,1006,1006hpa,0,0,0,0,0,0,0,0
2019,9,4,12,2009/4/19 12:00,1915,FAXAI,2,18.3,157.5,1004,1004hpa,0,0,0,0,0,0,0,0
2019,9,4,18,2009/4/19 18:00,1915,FAXAI,3,18.6,156.7,1002,1002hpa,35,0,0,0,1,150,90,0
2019,9,5,0,2009/5/19 0:00,1915,FAXAI,3,19.1,156.1,1000,1000hpa,35,0,0,0,1,150,90,0
2019,9,5,6,2009/5/19 6:00,1915,FAXAI,3,19.7,155.5,998,998hpa,40,0,0,0,1,150,90,0
2019,9,5,12,2009/5/19 12:00,1915,FAXAI,3,20.6,154.6,996,996hpa,40,0,0,0,1,150,90,0
2019,9,5,18,2009/5/19 18:00,1915,FAXAI,3,21.6,153.2,994,994hpa,40,0,0,0,1,150,90,0
2019,9,6,0,2009/6/19 0:00,1915,FAXAI,3,22.6,151.6,992,992hpa,45,0,0,0,1,150,90,0
2019,9,6,6,2009/6/19 6:00,1915,FAXAI,4,23.7,149.9,990,990hpa,50,0,0,0,1,150,90,0
2019,9,6,12,2009/6/19 12:00,1915,FAXAI,4,24.6,148.1,985,985hpa,55,9,30,30,1,180,120,0
2019,9,6,18,2009/6/19 18:00,1915,FAXAI,4,25.7,146.5,980,980hpa,60,9,40,40,1,180,120,0
2019,9,7,0,2009/7/19 0:00,1915,FAXAI,5,26.7,145,975,975hpa,65,9,50,50,1,180,120,0
2019,9,7,3,2009/7/19 3:00,1915,FAXAI,5,27.3,144.1,970,970hpa,70,9,50,50,1,180,120,0
2019,9,7,6,2009/7/19 6:00,1915,FAXAI,5,27.9,143.3,970,970hpa,70,9,50,50,1,150,90,0
2019,9,7,9,2009/7/19 9:00,1915,FAXAI,5,28.4,142.6,965,965hpa,75,9,50,50,1,150,90,0
2019,9,7,12,2009/7/19 12:00,1915,FAXAI,5,28.9,141.8,960,960hpa,80,9,50,50,1,150,90,0
2019,9,7,15,2009/7/19 15:00,1915,FAXAI,5,29.5,141.2,960,960hpa,80,9,50,50,1,150,90,0
2019,9,7,18,2009/7/19 18:00,1915,FAXAI,5,30.2,140.5,955,955hpa,85,9,50,50,1,150,90,0
2019,9,7,21,2009/7/19 21:00,1915,FAXAI,5,30.8,140,955,955hpa,85,9,50,50,1,150,90,0
2019,9,8,0,2009/8/19 0:00,1915,FAXAI,5,31.5,139.5,955,955hpa,85,9,50,50,2,120,90,0
2019,9,8,3,2009/8/19 3:00,1915,FAXAI,5,32.2,139.2,955,955hpa,85,9,50,50,2,120,90,0
2019,9,8,6,2009/8/19 6:00,1915,FAXAI,5,33,139,955,955hpa,85,9,50,50,2,120,90,0
2019,9,8,9,2009/8/19 9:00,1915,FAXAI,5,33.5,138.9,955,955hpa,85,9,50,50,2,120,90,0
2019,9,8,12,2009/8/19 12:00,1915,FAXAI,5,34.1,139,955,955hpa,85,9,50,50,2,120,90,0
2019,9,8,15,2009/8/19 15:00,1915,FAXAI,5,34.7,139.3,960,960hpa,80,3,60,40,3,120,90,0
2019,9,8,18,2009/8/19 18:00,1915,FAXAI,5,35.3,139.7,960,960hpa,80,3,60,40,3,120,90,0
2019,9,8,21,2009/8/19 21:00,1915,FAXAI,5,35.9,140.3,960,960hpa,80,3,60,40,3,120,90,0
2019,9,9,0,2009/9/19 0:00,1915,FAXAI,5,36.4,140.9,970,970hpa,75,3,50,40,3,120,90,0
2019,9,9,3,2009/9/19 3:00,1915,FAXAI,5,36.9,141.6,975,975hpa,70,3,50,40,3,120,90,0
2019,9,9,6,2009/9/19 6:00,1915,FAXAI,5,37.4,142.4,980,980hpa,65,3,50,30,3,120,90,0
2019,9,9,12,2009/9/19 12:00,1915,FAXAI,4,38.3,144.3,985,985hpa,60,3,50,30,3,120,90,0
2019,9,9,18,2009/9/19 18:00,1915,FAXAI,4,39,146.4,990,990hpa,55,3,50,30,3,120,90,0
2019,9,10,0,2009/10/19 0:00,1915,FAXAI,6,39.7,148.8,992,992hpa,0,0,0,0,0,0,0,0
2019,9,10,6,2009/10/19 6:00,1915,FAXAI,6,40.5,151.5,996,996hpa,0,0,0,0,0,0,0,0
2019,9,10,12,2009/10/19 12:00,1915,FAXAI,6,41.3,155,998,998hpa,0,0,0,0,0,0,0,0
2019,9,10,18,2009/10/19 18:00,1915,FAXAI,6,42.3,158.2,1000,1000hpa,0,0,0,0,0,0,0,0
2019,9,11,0,2009/11/19 0:00,1915,FAXAI,6,43.2,162.7,1000,1000hpa,0,0,0,0,0,0,0,0
2019,9,11,6,2009/11/19 6:00,1915,FAXAI,6,44.5,168.7,1002,1002hpa,0,0,0,0,0,0,0,0
2019,9,11,12,2009/11/19 12:00,1915,FAXAI,6,46.8,175.9,1002,1002hpa,0,0,0,0,0,0,0,0
2019,9,12,18,2009/12/19 18:00,1916,PEIPAH,2,11.7,159.2,1006,1006hpa,0,0,0,0,0,0,0,0
2019,9,13,0,9/13/19 0:00,1916,PEIPAH,2,11.9,158.5,1008,1008hpa,0,0,0,0,0,0,0,0
2019,9,13,6,9/13/19 6:00,1916,PEIPAH,2,12.2,157.1,1006,1006hpa,0,0,0,0,0,0,0,0
2019,9,13,12,9/13/19 12:00,1916,PEIPAH,2,12.6,155.7,1008,1008hpa,0,0,0,0,0,0,0,0
2019,9,13,18,9/13/19 18:00,1916,PEIPAH,2,12.8,154.3,1006,1006hpa,0,0,0,0,0,0,0,0
2019,9,14,0,9/14/19 0:00,1916,PEIPAH,2,13.2,152.9,1006,1006hpa,0,0,0,0,0,0,0,0
2019,9,14,6,9/14/19 6:00,1916,PEIPAH,2,13.5,151.7,1004,1004hpa,0,0,0,0,0,0,0,0
2019,9,14,12,9/14/19 12:00,1916,PEIPAH,2,13.9,151.2,1004,1004hpa,0,0,0,0,0,0,0,0
2019,9,14,18,9/14/19 18:00,1916,PEIPAH,2,14.3,150.5,1002,1002hpa,0,0,0,0,0,0,0,0
2019,9,15,0,9/15/19 0:00,1916,PEIPAH,3,15.4,149.7,1000,1000hpa,35,0,0,0,4,150,90,0
2019,9,15,6,9/15/19 6:00,1916,PEIPAH,3,16.6,149,1000,1000hpa,35,0,0,0,4,150,90,0
2019,9,15,12,9/15/19 12:00,1916,PEIPAH,3,17.7,148,1000,1000hpa,35,0,0,0,2,150,100,0
2019,9,15,18,9/15/19 18:00,1916,PEIPAH,3,19.5,146.7,1000,1000hpa,35,0,0,0,2,150,100,0
2019,9,16,0,9/16/19 0:00,1916,PEIPAH,3,21.3,145.3,1000,1000hpa,35,0,0,0,2,150,100,0
2019,9,16,6,9/16/19 6:00,1916,PEIPAH,3,23.5,144.1,1000,1000hpa,35,0,0,0,2,200,100,0
2019,9,16,12,9/16/19 12:00,1916,PEIPAH,2,25,142.9,1002,1002hpa,0,0,0,0,0,0,0,0
2019,9,16,18,9/16/19 18:00,1916,PEIPAH,2,27,142.4,1002,1002hpa,0,0,0,0,0,0,0,0
2019,9,17,0,9/17/19 0:00,1916,PEIPAH,2,28.9,142.7,1004,1004hpa,0,0,0,0,0,0,0,0
2019,9,17,0,9/17/19 0:00,1917,TAPAH,2,20,128.7,1000,1000hpa,0,0,0,0,0,0,0,0
2019,9,17,6,9/17/19 6:00,1917,TAPAH,2,20.8,128.7,998,998hpa,0,0,0,0,0,0,0,0
2019,9,17,12,9/17/19 12:00,1917,TAPAH,2,21.1,128.8,998,998hpa,0,0,0,0,0,0,0,0
2019,9,17,18,9/17/19 18:00,1917,TAPAH,2,21.4,128.9,998,998hpa,0,0,0,0,0,0,0,0
2019,9,18,0,9/18/19 0:00,1917,TAPAH,2,21.4,128.9,998,998hpa,0,0,0,0,0,0,0,0
2019,9,18,6,9/18/19 6:00,1917,TAPAH,2,21.9,129,998,998hpa,0,0,0,0,0,0,0,0
2019,9,18,12,9/18/19 12:00,1917,TAPAH,2,22.3,129.7,998,998hpa,0,0,0,0,0,0,0,0
2019,9,18,18,9/18/19 18:00,1917,TAPAH,2,22.7,129.4,998,998hpa,0,0,0,0,0,0,0,0
2019,9,19,0,9/19/19 0:00,1917,TAPAH,3,22.4,128.7,996,996hpa,35,0,0,0,9,270,270,0
2019,9,19,6,9/19/19 6:00,1917,TAPAH,3,22.4,128.6,994,994hpa,35,0,0,0,9,270,270,0
2019,9,19,12,9/19/19 12:00,1917,TAPAH,3,23.1,128.2,992,992hpa,40,0,0,0,9,270,270,0
2019,9,19,18,9/19/19 18:00,1917,TAPAH,3,22.8,127.4,990,990hpa,40,0,0,0,3,325,270,0
2019,9,20,0,9/20/19 0:00,1917,TAPAH,3,23.1,127.2,985,985hpa,45,0,0,0,3,350,270,0
2019,9,20,6,9/20/19 6:00,1917,TAPAH,4,23.1,127.2,980,980hpa,50,0,0,0,3,350,270,0
2019,9,20,12,9/20/19 12:00,1917,TAPAH,4,24,127.2,980,980hpa,50,0,0,0,3,350,270,0
2019,9,20,15,9/20/19 15:00,1917,TAPAH,4,24.5,126.7,975,975hpa,60,2,130,90,3,350,240,0
2019,9,20,18,9/20/19 18:00,1917,TAPAH,5,25,126.4,970,970hpa,65,2,130,90,3,350,240,0
2019,9,20,21,9/20/19 21:00,1917,TAPAH,5,25.5,126.1,970,970hpa,65,2,130,90,3,350,240,0
2019,9,21,0,9/21/19 0:00,1917,TAPAH,5,26.2,125.7,970,970hpa,65,2,130,90,3,350,240,0
2019,9,21,3,9/21/19 3:00,1917,TAPAH,5,26.7,125.6,970,970hpa,65,2,130,90,3,350,240,0
2019,9,21,6,9/21/19 6:00,1917,TAPAH,5,27.3,125.6,970,970hpa,65,3,130,90,3,375,240,0
2019,9,21,9,9/21/19 9:00,1917,TAPAH,5,27.9,125.6,970,970hpa,65,3,130,90,3,375,240,0
2019,9,21,12,9/21/19 12:00,1917,TAPAH,5,28.5,125.6,970,970hpa,65,3,130,90,3,375,240,0
2019,9,21,15,9/21/19 15:00,1917,TAPAH,5,29,125.8,970,970hpa,65,3,130,90,3,375,240,0
2019,9,21,18,9/21/19 18:00,1917,TAPAH,5,29.5,126.1,970,970hpa,65,3,130,90,3,350,240,0
2019,9,21,21,9/21/19 21:00,1917,TAPAH,5,30.2,126.5,970,970hpa,65,3,130,90,3,350,240,0
2019,9,22,0,9/22/19 0:00,1917,TAPAH,4,31.1,127,975,975hpa,60,3,130,90,3,350,180,0
2019,9,22,3,9/22/19 3:00,1917,TAPAH,4,31.9,127.4,975,975hpa,60,3,130,90,3,350,180,0
2019,9,22,6,9/22/19 6:00,1917,TAPAH,4,32.6,127.9,975,975hpa,60,3,130,90,3,350,180,0
2019,9,22,9,9/22/19 9:00,1917,TAPAH,4,33.2,128.5,975,975hpa,60,3,130,90,3,350,180,0
2019,9,22,12,9/22/19 12:00,1917,TAPAH,4,33.9,129.5,980,980hpa,55,3,130,90,3,350,150,0
2019,9,22,15,9/22/19 15:00,1917,TAPAH,4,34.5,130.4,980,980hpa,55,3,130,90,3,350,150,0
2019,9,22,18,9/22/19 18:00,1917,TAPAH,4,35.2,131.3,985,985hpa,50,0,0,0,3,350,150,0
2019,9,22,21,9/22/19 21:00,1917,TAPAH,3,36.3,132.7,990,990hpa,45,0,0,0,3,350,150,0
2019,9,23,0,9/23/19 0:00,1917,TAPAH,6,37.6,134.2,992,992hpa,0,0,0,0,0,0,0,0
2019,9,23,6,9/23/19 6:00,1917,TAPAH,6,39.6,137.5,992,992hpa,0,0,0,0,0,0,0,0
2019,9,23,12,9/23/19 12:00,1917,TAPAH,6,41,139.8,996,996hpa,0,0,0,0,0,0,0,0
2019,9,24,12,9/24/19 12:00,1918,MITAG,2,9.6,155,1012,1012hpa,0,0,0,0,0,0,0,0
2019,9,24,18,9/24/19 18:00,1918,MITAG,2,9.7,154.1,1010,1010hpa,0,0,0,0,0,0,0,0
2019,9,25,0,9/25/19 0:00,1918,MITAG,2,9.9,153.2,1010,1010hpa,0,0,0,0,0,0,0,0
2019,9,25,6,9/25/19 6:00,1918,MITAG,2,10.3,152.2,1008,1008hpa,0,0,0,0,0,0,0,0
2019,9,25,12,9/25/19 12:00,1918,MITAG,2,10.7,151,1010,1010hpa,0,0,0,0,0,0,0,0
2019,9,25,18,9/25/19 18:00,1918,MITAG,2,10.9,149.4,1008,1008hpa,0,0,0,0,0,0,0,0
2019,9,26,0,9/26/19 0:00,1918,MITAG,2,11.4,147.3,1010,1010hpa,0,0,0,0,0,0,0,0
2019,9,26,6,9/26/19 6:00,1918,MITAG,2,11.6,145.1,1008,1008hpa,0,0,0,0,0,0,0,0
2019,9,26,12,9/26/19 12:00,1918,MITAG,2,11.9,143.1,1010,1010hpa,0,0,0,0,0,0,0,0
2019,9,26,18,9/26/19 18:00,1918,MITAG,2,12.4,141.1,1008,1008hpa,0,0,0,0,0,0,0,0
2019,9,27,0,9/27/19 0:00,1918,MITAG,2,13,139.2,1008,1008hpa,0,0,0,0,0,0,0,0
2019,9,27,6,9/27/19 6:00,1918,MITAG,2,13.5,137.6,1006,1006hpa,0,0,0,0,0,0,0,0
2019,9,27,12,9/27/19 12:00,1918,MITAG,2,14.2,136,1006,1006hpa,0,0,0,0,0,0,0,0
2019,9,27,18,9/27/19 18:00,1918,MITAG,2,14.9,134.4,1004,1004hpa,0,0,0,0,0,0,0,0
2019,9,28,0,9/28/19 0:00,1918,MITAG,3,15.7,132.8,1000,1000hpa,35,0,0,0,9,210,210,0
2019,9,28,6,9/28/19 6:00,1918,MITAG,3,16.9,130.7,998,998hpa,40,0,0,0,9,210,210,0
2019,9,28,12,9/28/19 12:00,1918,MITAG,3,17.4,129.2,996,996hpa,40,0,0,0,9,210,210,0
2019,9,28,18,9/28/19 18:00,1918,MITAG,3,17.8,127.9,992,992hpa,45,0,0,0,9,210,210,0
2019,9,29,0,9/29/19 0:00,1918,MITAG,4,18.3,126.9,990,990hpa,50,0,0,0,9,210,210,0
2019,9,29,6,9/29/19 6:00,1918,MITAG,4,19.2,125.9,985,985hpa,55,2,60,40,9,210,210,0
2019,9,29,12,9/29/19 12:00,1918,MITAG,4,20.1,124.8,980,980hpa,60,2,90,60,9,210,210,0
2019,9,29,18,9/29/19 18:00,1918,MITAG,4,20.9,123.7,975,975hpa,60,2,90,60,9,210,210,0
2019,9,30,0,9/30/19 0:00,1918,MITAG,5,21.7,123,970,970hpa,65,2,90,60,9,270,270,0
2019,9,30,3,9/30/19 3:00,1918,MITAG,5,22.2,122.9,970,970hpa,70,2,90,60,9,270,270,0
2019,9,30,6,9/30/19 6:00,1918,MITAG,5,22.9,122.9,970,970hpa,70,2,90,60,9,270,270,0
2019,9,30,9,9/30/19 9:00,1918,MITAG,5,23.7,122.9,970,970hpa,70,2,90,60,9,270,270,0
2019,9,30,12,9/30/19 12:00,1918,MITAG,5,24.6,122.9,965,965hpa,75,2,90,60,9,270,270,0
2019,9,30,15,9/30/19 15:00,1918,MITAG,5,25.4,122.8,965,965hpa,75,2,90,60,4,300,240,0
2019,9,30,18,9/30/19 18:00,1918,MITAG,5,26.1,122.6,965,965hpa,75,2,90,60,4,300,240,0
2019,10,1,0,2010/1/19 0:00,1918,MITAG,5,27.4,122.4,970,970hpa,70,2,90,60,4,300,240,0
2019,10,1,6,2010/1/19 6:00,1918,MITAG,4,28.6,122.2,980,980hpa,60,9,60,60,9,300,300,0
2019,10,1,12,2010/1/19 12:00,1918,MITAG,4,29.9,122.5,980,980hpa,60,9,60,60,1,240,180,0
2019,10,1,18,2010/1/19 18:00,1918,MITAG,4,30.6,122.9,985,985hpa,55,9,60,60,1,240,180,0
2019,10,2,0,2010/2/19 0:00,1918,MITAG,4,32,123.9,990,990hpa,50,0,0,0,1,240,180,0
2019,10,2,6,2010/2/19 6:00,1918,MITAG,4,33.3,124.7,990,990hpa,50,0,0,0,2,240,180,0
2019,10,2,12,2010/2/19 12:00,1918,MITAG,3,34.4,126.3,990,990hpa,45,0,0,0,2,240,180,0
2019,10,2,18,2010/2/19 18:00,1918,MITAG,3,35.8,128.2,994,994hpa,40,0,0,0,2,240,180,0
2019,10,3,0,2010/3/19 0:00,1918,MITAG,3,37.6,129.9,992,992hpa,40,0,0,0,2,210,180,0
2019,10,3,6,2010/3/19 6:00,1918,MITAG,6,38,131,988,988hpa,0,0,0,0,0,0,0,0
2019,10,3,12,2010/3/19 12:00,1918,MITAG,6,38.7,132.6,988,988hpa,0,0,0,0,0,0,0,0
2019,10,3,18,2010/3/19 18:00,1918,MITAG,6,38.8,134.5,988,988hpa,0,0,0,0,0,0,0,0
2019,10,4,0,2010/4/19 0:00,1918,MITAG,6,39.1,136.5,992,992hpa,0,0,0,0,0,0,0,0
2019,10,4,6,2010/4/19 6:00,1918,MITAG,6,38.9,138.5,992,992hpa,0,0,0,0,0,0,0,0
2019,10,4,12,2010/4/19 12:00,1918,MITAG,6,38.6,140.9,994,994hpa,0,0,0,0,0,0,0,0
2019,10,4,18,2010/4/19 18:00,1918,MITAG,6,39.1,143.5,996,996hpa,0,0,0,0,0,0,0,0
2019,10,5,0,2010/5/19 0:00,1918,MITAG,6,39.6,146.1,998,998hpa,0,0,0,0,0,0,0,0
2019,10,5,6,2010/5/19 6:00,1918,MITAG,6,40.9,148.9,998,998hpa,0,0,0,0,0,0,0,0
2019,10,5,12,2010/5/19 12:00,1918,MITAG,6,43.4,151.7,1000,1000hpa,0,0,0,0,0,0,0,0
2019,10,4,18,2010/4/19 18:00,1919,HAGIBIS,2,15.7,164.4,1008,1008hpa,0,0,0,0,0,0,0,0
2019,10,5,0,2010/5/19 0:00,1919,HAGIBIS,2,15,162.7,1006,1006hpa,0,0,0,0,0,0,0,0
2019,10,5,6,2010/5/19 6:00,1919,HAGIBIS,2,15.3,161.1,1004,1004hpa,0,0,0,0,0,0,0,0
2019,10,5,12,2010/5/19 12:00,1919,HAGIBIS,2,15.2,159.4,1004,1004hpa,0,0,0,0,0,0,0,0
2019,10,5,18,2010/5/19 18:00,1919,HAGIBIS,3,15.1,157.4,1000,1000hpa,35,0,0,0,9,180,180,0
2019,10,6,0,2010/6/19 0:00,1919,HAGIBIS,3,14.4,155.6,992,992hpa,45,0,0,0,9,210,210,0
2019,10,6,6,2010/6/19 6:00,1919,HAGIBIS,4,14.3,154.1,985,985hpa,55,9,50,50,9,210,210,0
2019,10,6,12,2010/6/19 12:00,1919,HAGIBIS,5,14.6,153,970,970hpa,70,9,80,80,9,210,210,0
2019,10,6,18,2010/6/19 18:00,1919,HAGIBIS,5,14.9,151.2,955,955hpa,80,9,90,90,9,240,240,0
2019,10,7,0,2010/7/19 0:00,1919,HAGIBIS,5,15.1,149.6,940,940hpa,90,9,100,100,2,350,240,0
2019,10,7,6,2010/7/19 6:00,1919,HAGIBIS,5,15.5,148.2,925,925hpa,100,9,100,100,2,350,240,0
2019,10,7,12,2010/7/19 12:00,1919,HAGIBIS,5,16.1,146.6,915,915hpa,105,9,100,100,2,350,240,0
2019,10,7,18,2010/7/19 18:00,1919,HAGIBIS,5,16.5,144.9,915,915hpa,105,9,100,100,2,350,240,0
2019,10,8,0,2010/8/19 0:00,1919,HAGIBIS,5,16.9,143.8,915,915hpa,105,9,100,100,2,350,240,0
2019,10,8,6,2010/8/19 6:00,1919,HAGIBIS,5,17.7,142.7,915,915hpa,105,9,120,120,2,350,240,0
2019,10,8,12,2010/8/19 12:00,1919,HAGIBIS,5,18.4,141.8,915,915hpa,105,9,120,120,2,350,240,0
2019,10,8,18,2010/8/19 18:00,1919,HAGIBIS,5,19.3,140.9,915,915hpa,105,9,130,130,2,350,240,0
2019,10,9,0,2010/9/19 0:00,1919,HAGIBIS,5,19.8,140.4,915,915hpa,105,9,130,130,2,350,240,0
2019,10,9,6,2010/9/19 6:00,1919,HAGIBIS,5,20.6,140,915,915hpa,105,9,130,130,2,350,240,0
2019,10,9,12,2010/9/19 12:00,1919,HAGIBIS,5,21.2,139.6,915,915hpa,105,9,130,130,2,400,350,0
2019,10,9,18,2010/9/19 18:00,1919,HAGIBIS,5,22,139.7,915,915hpa,105,9,130,130,2,400,350,0
2019,10,10,0,2010/10/19 0:00,1919,HAGIBIS,5,23.2,139.9,915,915hpa,105,9,130,130,2,400,350,0
2019,10,10,6,2010/10/19 6:00,1919,HAGIBIS,5,24.4,139.5,915,915hpa,105,2,180,130,2,400,350,0
2019,10,10,12,2010/10/19 12:00,1919,HAGIBIS,5,25.3,139,920,920hpa,100,2,180,130,2,400,350,0
2019,10,10,18,2010/10/19 18:00,1919,HAGIBIS,5,26.3,138.6,925,925hpa,95,2,200,150,2,400,350,0
2019,10,11,0,2010/11/19 0:00,1919,HAGIBIS,5,27.5,138.1,935,935hpa,90,2,200,150,2,400,350,0
2019,10,11,6,2010/11/19 6:00,1919,HAGIBIS,5,28.8,137.5,935,935hpa,90,2,200,150,2,400,350,0
2019,10,11,12,2010/11/19 12:00,1919,HAGIBIS,5,29.9,137.1,945,945hpa,85,2,200,150,2,400,350,0
2019,10,11,15,2010/11/19 15:00,1919,HAGIBIS,5,30.3,137,945,945hpa,85,2,200,150,2,400,350,0
2019,10,11,18,2010/11/19 18:00,1919,HAGIBIS,5,30.8,137.1,945,945hpa,85,2,200,150,9,350,350,0
2019,10,11,21,2010/11/19 21:00,1919,HAGIBIS,5,31.4,137.1,945,945hpa,85,2,200,150,9,350,350,0
2019,10,12,0,2010/12/19 0:00,1919,HAGIBIS,5,32,137.4,950,950hpa,80,2,200,150,9,350,350,0
2019,10,12,3,2010/12/19 3:00,1919,HAGIBIS,5,32.8,137.6,950,950hpa,80,3,200,150,9,350,350,0
2019,10,12,6,2010/12/19 6:00,1919,HAGIBIS,5,33.7,138.2,950,950hpa,80,3,180,140,9,350,350,0
2019,10,12,9,2010/12/19 9:00,1919,HAGIBIS,5,34.6,138.7,955,955hpa,80,3,180,140,9,350,350,1
2019,10,12,12,2010/12/19 12:00,1919,HAGIBIS,5,35.6,139.6,965,965hpa,70,3,180,140,9,350,350,0
2019,10,12,15,2010/12/19 15:00,1919,HAGIBIS,5,36.9,140.6,970,970hpa,65,9,150,150,9,325,325,0
2019,10,12,18,2010/12/19 18:00,1919,HAGIBIS,4,38.2,141.8,975,975hpa,60,9,150,150,9,325,325,0
2019,10,12,21,2010/12/19 21:00,1919,HAGIBIS,4,39.5,143.5,975,975hpa,60,9,150,150,9,325,325,0
2019,10,13,0,10/13/19 0:00,1919,HAGIBIS,4,40.1,145.1,975,975hpa,60,9,150,150,9,325,325,0
2019,10,13,3,10/13/19 3:00,1919,HAGIBIS,6,41,147,980,980hpa,0,0,0,0,0,0,0,0
2019,10,13,6,10/13/19 6:00,1919,HAGIBIS,6,41.9,149.8,984,984hpa,0,0,0,0,0,0,0,0
2019,10,13,12,10/13/19 12:00,1919,HAGIBIS,6,44,155.9,988,988hpa,0,0,0,0,0,0,0,0
2019,10,13,18,10/13/19 18:00,1919,HAGIBIS,6,47,163.3,984,984hpa,0,0,0,0,0,0,0,0
2019,10,14,0,10/14/19 0:00,1919,HAGIBIS,6,51.6,170.6,980,980hpa,0,0,0,0,0,0,0,0
2019,10,14,6,10/14/19 6:00,1919,HAGIBIS,6,54.3,175.9,970,970hpa,0,0,0,0,0,0,0,0
2019,10,14,12,10/14/19 12:00,1919,HAGIBIS,6,56.4,179.7,956,956hpa,0,0,0,0,0,0,0,0
2019,10,14,18,10/14/19 18:00,1919,HAGIBIS,6,57.4,182,954,954hpa,0,0,0,0,0,0,0,0
2019,10,15,0,10/15/19 0:00,1920,NEOGURI,2,15.8,136.4,1010,1010hpa,0,0,0,0,0,0,0,0
2019,10,15,6,10/15/19 6:00,1920,NEOGURI,2,16,135.5,1008,1008hpa,0,0,0,0,0,0,0,0
2019,10,15,12,10/15/19 12:00,1920,NEOGURI,2,16.4,134.6,1008,1008hpa,0,0,0,0,0,0,0,0
2019,10,15,18,10/15/19 18:00,1920,NEOGURI,2,16.8,133.8,1004,1004hpa,0,0,0,0,0,0,0,0
2019,10,16,0,10/16/19 0:00,1920,NEOGURI,2,17.3,132.9,1006,1006hpa,0,0,0,0,0,0,0,0
2019,10,16,6,10/16/19 6:00,1920,NEOGURI,2,17.8,132,1004,1004hpa,0,0,0,0,0,0,0,0
2019,10,16,12,10/16/19 12:00,1920,NEOGURI,2,18.1,131.2,1006,1006hpa,0,0,0,0,0,0,0,0
2019,10,16,18,10/16/19 18:00,1920,NEOGURI,2,18.3,130.6,1008,1008hpa,0,0,0,0,0,0,0,0
2019,10,17,0,10/17/19 0:00,1920,NEOGURI,3,18.6,130.3,1002,1002hpa,35,0,0,0,9,90,90,0
2019,10,17,6,10/17/19 6:00,1920,NEOGURI,3,19,130.2,1002,1002hpa,35,0,0,0,9,90,90,0
2019,10,17,12,10/17/19 12:00,1920,NEOGURI,3,19.3,130.2,1002,1002hpa,35,0,0,0,9,90,90,0
2019,10,17,18,10/17/19 18:00,1920,NEOGURI,3,19.6,130.1,1000,1000hpa,40,0,0,0,9,90,90,0
2019,10,18,0,10/18/19 0:00,1920,NEOGURI,3,19.8,130,998,998hpa,45,0,0,0,9,90,90,0
2019,10,18,6,10/18/19 6:00,1920,NEOGURI,3,20,129.9,998,998hpa,45,0,0,0,9,90,90,0
2019,10,18,12,10/18/19 12:00,1920,NEOGURI,3,20.3,129.4,998,998hpa,45,0,0,0,9,90,90,0
2019,10,18,18,10/18/19 18:00,1920,NEOGURI,4,20.6,128.7,992,992hpa,50,0,0,0,9,90,90,0
2019,10,19,0,10/19/19 0:00,1920,NEOGURI,4,21,128,990,990hpa,55,9,30,30,9,90,90,0
2019,10,19,6,10/19/19 6:00,1920,NEOGURI,4,21.6,127.3,985,985hpa,60,9,30,30,9,90,90,0
2019,10,19,12,10/19/19 12:00,1920,NEOGURI,5,21.8,127.3,975,975hpa,70,9,40,40,9,120,120,0
2019,10,19,18,10/19/19 18:00,1920,NEOGURI,5,22.6,127.5,970,970hpa,75,9,40,40,9,120,120,0
2019,10,20,0,10/20/19 0:00,1920,NEOGURI,5,23.4,127.9,970,970hpa,75,9,40,40,9,120,120,0
2019,10,20,6,10/20/19 6:00,1920,NEOGURI,5,24.4,128.9,975,975hpa,70,9,40,40,9,120,120,0
2019,10,20,12,10/20/19 12:00,1920,NEOGURI,5,25.4,129.9,980,980hpa,65,9,40,40,9,120,120,0
2019,10,20,15,10/20/19 15:00,1920,NEOGURI,5,26.3,130.6,980,980hpa,65,9,40,40,9,120,120,0
2019,10,20,18,10/20/19 18:00,1920,NEOGURI,4,27.1,131.3,985,985hpa,60,9,40,40,7,140,120,0
2019,10,21,0,10/21/19 0:00,1920,NEOGURI,4,28.8,133,985,985hpa,60,9,40,40,7,140,120,0
2019,10,21,6,10/21/19 6:00,1920,NEOGURI,4,30.2,134.3,990,990hpa,55,9,30,30,7,140,120,0
2019,10,21,12,10/21/19 12:00,1920,NEOGURI,6,31.3,135.3,998,998hpa,0,0,0,0,0,0,0,0
2019,10,21,18,10/21/19 18:00,1920,NEOGURI,6,32.1,136.7,998,998hpa,0,0,0,0,0,0,0,0
2019,10,22,0,10/22/19 0:00,1920,NEOGURI,6,32.1,137.9,1004,1004hpa,0,0,0,0,0,0,0,0
2019,10,18,6,10/18/19 6:00,1921,BUALOI,2,8.7,161.2,1008,1008hpa,0,0,0,0,0,0,0,0
2019,10,18,12,10/18/19 12:00,1921,BUALOI,2,8.9,159.9,1008,1008hpa,0,0,0,0,0,0,0,0
2019,10,18,18,10/18/19 18:00,1921,BUALOI,2,9.4,157.7,1008,1008hpa,0,0,0,0,0,0,0,0
2019,10,19,0,10/19/19 0:00,1921,BUALOI,2,10.2,156.4,1006,1006hpa,0,0,0,0,0,0,0,0
2019,10,19,6,10/19/19 6:00,1921,BUALOI,3,10.6,155,1000,1000hpa,35,0,0,0,9,60,60,0
2019,10,19,12,10/19/19 12:00,1921,BUALOI,3,10.9,153.9,998,998hpa,40,0,0,0,9,60,60,0
2019,10,19,18,10/19/19 18:00,1921,BUALOI,3,11,152.6,994,994hpa,45,0,0,0,9,80,80,0
2019,10,20,0,10/20/19 0:00,1921,BUALOI,4,11.3,151.5,990,990hpa,50,0,0,0,1,100,80,0
2019,10,20,6,10/20/19 6:00,1921,BUALOI,4,12.1,150.6,985,985hpa,55,9,30,30,1,100,80,0
2019,10,20,12,10/20/19 12:00,1921,BUALOI,5,12.6,149.8,975,975hpa,65,9,30,30,1,100,80,0
2019,10,20,18,10/20/19 18:00,1921,BUALOI,5,13.5,149,970,970hpa,70,9,40,40,1,120,90,0
2019,10,21,0,10/21/19 0:00,1921,BUALOI,5,14.1,148.2,965,965hpa,75,9,40,40,1,120,90,0
2019,10,21,6,10/21/19 6:00,1921,BUALOI,5,14.7,147.6,955,955hpa,85,9,60,60,1,150,90,0
2019,10,21,12,10/21/19 12:00,1921,BUALOI,5,15.4,146.8,955,955hpa,85,9,60,60,1,150,90,0
2019,10,21,18,10/21/19 18:00,1921,BUALOI,5,16.3,146,955,955hpa,85,9,60,60,1,150,90,0
2019,10,22,0,10/22/19 0:00,1921,BUALOI,5,17.1,145,950,950hpa,90,9,60,60,1,180,100,0
2019,10,22,6,10/22/19 6:00,1921,BUALOI,5,18.2,144.4,935,935hpa,100,9,60,60,1,180,100,0
2019,10,22,12,10/22/19 12:00,1921,BUALOI,5,19.2,143.6,935,935hpa,100,9,70,70,1,180,100,0
2019,10,22,18,10/22/19 18:00,1921,BUALOI,5,20.3,143.1,935,935hpa,100,9,70,70,2,180,100,0
2019,10,23,0,10/23/19 0:00,1921,BUALOI,5,21.7,142.4,950,950hpa,90,9,70,70,2,180,120,0
2019,10,23,6,10/23/19 6:00,1921,BUALOI,5,22.8,142.1,940,940hpa,95,9,70,70,2,180,120,0
2019,10,23,12,10/23/19 12:00,1921,BUALOI,5,24,142,950,950hpa,90,9,70,70,2,180,120,0
2019,10,23,15,10/23/19 15:00,1921,BUALOI,5,24.8,142,950,950hpa,90,9,70,70,2,180,120,0
2019,10,23,18,10/23/19 18:00,1921,BUALOI,5,25.6,141.9,955,955hpa,85,9,70,70,2,180,120,0
2019,10,23,21,10/23/19 21:00,1921,BUALOI,5,26.1,142,960,960hpa,80,9,70,70,1,210,120,0
2019,10,24,0,10/24/19 0:00,1921,BUALOI,5,26.9,142.1,960,960hpa,80,9,70,70,1,210,120,0
2019,10,24,3,10/24/19 3:00,1921,BUALOI,5,27.6,142.2,970,970hpa,75,9,70,70,1,210,120,0
2019,10,24,6,10/24/19 6:00,1921,BUALOI,5,28.4,142.6,970,970hpa,75,9,70,70,1,210,130,0
2019,10,24,12,10/24/19 12:00,1921,BUALOI,5,29.6,143.7,970,970hpa,75,9,70,70,1,240,150,0
2019,10,24,18,10/24/19 18:00,1921,BUALOI,5,30.9,145,975,975hpa,70,9,80,80,1,270,150,0
2019,10,25,0,10/25/19 0:00,1921,BUALOI,5,32.4,146.3,980,980hpa,65,9,80,80,1,300,180,0
2019,10,25,6,10/25/19 6:00,1921,BUALOI,4,34.1,148.1,985,985hpa,60,9,80,80,1,300,180,0
2019,10,25,12,10/25/19 12:00,1921,BUALOI,6,35.1,148.6,996,996hpa,0,0,0,0,0,0,0,0
2019,10,25,18,10/25/19 18:00,1921,BUALOI,6,36.6,149,1004,1004hpa,0,0,0,0,0,0,0,0
2019,10,26,0,10/26/19 0:00,1921,BUALOI,6,38.5,149.4,1004,1004hpa,0,0,0,0,0,0,0,0
2019,10,28,18,10/28/19 18:00,1922,MATMO,2,11.9,116.6,1004,1004hpa,0,0,0,0,0,0,0,0
2019,10,29,0,10/29/19 0:00,1922,MATMO,2,12.4,115.7,1004,1004hpa,0,0,0,0,0,0,0,0
2019,10,29,6,10/29/19 6:00,1922,MATMO,2,13,114.8,1002,1002hpa,0,0,0,0,0,0,0,0
2019,10,29,12,10/29/19 12:00,1922,MATMO,2,13.3,113.9,1002,1002hpa,0,0,0,0,0,0,0,0
2019,10,29,18,10/29/19 18:00,1922,MATMO,3,13.3,112.6,1000,1000hpa,35,0,0,0,7,180,120,0
2019,10,30,0,10/30/19 0:00,1922,MATMO,3,13.3,111.5,994,994hpa,45,0,0,0,7,180,120,0
2019,10,30,6,10/30/19 6:00,1922,MATMO,4,13.2,110.7,992,992hpa,50,0,0,0,8,260,120,0
2019,10,30,12,10/30/19 12:00,1922,MATMO,4,13.3,110.2,992,992hpa,50,0,0,0,8,260,120,0
2019,10,30,18,10/30/19 18:00,1922,MATMO,4,13.5,108.9,994,994hpa,50,0,0,0,8,260,120,0
2019,10,31,0,10/31/19 0:00,1922,MATMO,3,13.7,107.2,1000,1000hpa,35,0,0,0,8,260,120,0
2019,10,31,6,10/31/19 6:00,1922,MATMO,2,13.8,106.1,1002,1002hpa,0,0,0,0,0,0,0,0
2019,10,31,12,10/31/19 12:00,1922,MATMO,2,14,105.2,1006,1006hpa,0,0,0,0,0,0,0,0
2019,10,31,18,10/31/19 18:00,1922,MATMO,2,13.7,104,1008,1008hpa,0,0,0,0,0,0,0,0
2019,11,1,12,2011/1/19 12:00,1923,HALONG,2,9.6,162.2,1004,1004hpa,0,0,0,0,0,0,0,0
2019,11,1,18,2011/1/19 18:00,1923,HALONG,2,10.7,160.8,1004,1004hpa,0,0,0,0,0,0,0,0
2019,11,2,0,2011/2/19 0:00,1923,HALONG,2,11.7,159.7,1004,1004hpa,0,0,0,0,0,0,0,0
2019,11,2,6,2011/2/19 6:00,1923,HALONG,2,12.6,158.6,1002,1002hpa,0,0,0,0,0,0,0,0
2019,11,2,12,2011/2/19 12:00,1923,HALONG,3,13.4,157.7,1000,1000hpa,35,0,0,0,9,150,150,0
2019,11,2,18,2011/2/19 18:00,1923,HALONG,3,14,156.9,1000,1000hpa,35,0,0,0,9,150,150,0
2019,11,3,0,2011/3/19 0:00,1923,HALONG,3,14.7,155.9,1000,1000hpa,35,0,0,0,2,150,120,0
2019,11,3,6,2011/3/19 6:00,1923,HALONG,3,15.4,154.8,998,998hpa,40,0,0,0,2,150,120,0
2019,11,3,12,2011/3/19 12:00,1923,HALONG,3,15.9,154.2,994,994hpa,45,0,0,0,2,210,120,0
2019,11,3,18,2011/3/19 18:00,1923,HALONG,4,16.6,153.8,992,992hpa,50,0,0,0,1,220,120,0
2019,11,4,0,2011/4/19 0:00,1923,HALONG,4,17.1,153.6,985,985hpa,60,9,40,40,1,220,120,0
2019,11,4,6,2011/4/19 6:00,1923,HALONG,5,17.8,153.2,980,980hpa,65,9,50,50,1,240,120,0
2019,11,4,12,2011/4/19 12:00,1923,HALONG,5,18.3,152.7,975,975hpa,70,9,50,50,1,240,120,0
2019,11,4,18,2011/4/19 18:00,1923,HALONG,5,18.8,152.3,960,960hpa,80,9,60,60,1,240,150,0
2019,11,5,0,2011/5/19 0:00,1923,HALONG,5,19.1,151.9,950,950hpa,90,9,60,60,1,240,150,0
2019,11,5,6,2011/5/19 6:00,1923,HALONG,5,19.7,151.3,935,935hpa,100,9,60,60,9,150,150,0
2019,11,5,12,2011/5/19 12:00,1923,HALONG,5,19.9,150.8,905,905hpa,115,9,60,60,9,150,150,0
2019,11,5,18,2011/5/19 18:00,1923,HALONG,5,20.3,150.6,905,905hpa,115,9,60,60,9,150,150,0
2019,11,6,0,2011/6/19 0:00,1923,HALONG,5,20.8,150.5,905,905hpa,115,9,60,60,9,150,150,0
2019,11,6,6,2011/6/19 6:00,1923,HALONG,5,21.2,150.5,905,905hpa,115,9,60,60,9,150,150,0
2019,11,6,12,2011/6/19 12:00,1923,HALONG,5,21.7,150.7,920,920hpa,105,9,60,60,9,150,150,0
2019,11,6,18,2011/6/19 18:00,1923,HALONG,5,22.3,151,940,940hpa,95,9,60,60,9,150,150,0
2019,11,7,0,2011/7/19 0:00,1923,HALONG,5,23.1,151.2,955,955hpa,85,9,60,60,1,150,120,0
2019,11,7,6,2011/7/19 6:00,1923,HALONG,5,23.9,151.5,960,960hpa,80,9,60,60,1,150,120,0
2019,11,7,12,2011/7/19 12:00,1923,HALONG,5,24.6,152.1,970,970hpa,75,9,60,60,1,150,120,0
2019,11,7,18,2011/7/19 18:00,1923,HALONG,5,25.5,153,975,975hpa,70,2,60,30,1,150,90,0
2019,11,8,0,2011/8/19 0:00,1923,HALONG,5,26.8,154.8,980,980hpa,65,2,60,30,2,150,90,0
2019,11,8,6,2011/8/19 6:00,1923,HALONG,4,28.1,157,990,990hpa,55,2,60,30,2,150,90,0
2019,11,8,12,2011/8/19 12:00,1923,HALONG,3,29.6,158.6,994,994hpa,45,0,0,0,2,120,90,0
2019,11,8,18,2011/8/19 18:00,1923,HALONG,3,30.7,159.7,1000,1000hpa,35,0,0,0,2,120,90,0
2019,11,9,0,2011/9/19 0:00,1923,HALONG,6,31.2,160.8,1004,1004hpa,0,0,0,0,0,0,0,0
2019,11,9,6,2011/9/19 6:00,1923,HALONG,6,31.9,162.7,1006,1006hpa,0,0,0,0,0,0,0,0
2019,11,9,12,2011/9/19 12:00,1923,HALONG,6,32.3,164.7,1008,1008hpa,0,0,0,0,0,0,0,0
2019,11,9,18,2011/9/19 18:00,1923,HALONG,6,32.4,166.6,1008,1008hpa,0,0,0,0,0,0,0,0
2019,11,10,0,2011/10/19 0:00,1923,HALONG,6,32.5,168.4,1008,1008hpa,0,0,0,0,0,0,0,0
2019,11,10,6,2011/10/19 6:00,1923,HALONG,6,32.7,170.2,1008,1008hpa,0,0,0,0,0,0,0,0
2019,11,4,0,2011/4/19 0:00,1924,NAKRI,2,12.7,113.7,1006,1006hpa,0,0,0,0,0,0,0,0
2019,11,4,6,2011/4/19 6:00,1924,NAKRI,2,13.3,114,1004,1004hpa,0,0,0,0,0,0,0,0
2019,11,4,12,2011/4/19 12:00,1924,NAKRI,2,13.4,114.2,1004,1004hpa,0,0,0,0,0,0,0,0
2019,11,4,18,2011/4/19 18:00,1924,NAKRI,2,13.5,114.4,1004,1004hpa,0,0,0,0,0,0,0,0
2019,11,5,0,2011/5/19 0:00,1924,NAKRI,2,13.6,114.8,1004,1004hpa,0,0,0,0,0,0,0,0
2019,11,5,6,2011/5/19 6:00,1924,NAKRI,2,13.7,115.3,1002,1002hpa,0,0,0,0,0,0,0,0
2019,11,5,12,2011/5/19 12:00,1924,NAKRI,2,13.7,115.8,1000,1000hpa,0,0,0,0,0,0,0,0
2019,11,5,18,2011/5/19 18:00,1924,NAKRI,3,13.5,116,998,998hpa,35,0,0,0,7,240,180,0
2019,11,6,0,2011/6/19 0:00,1924,NAKRI,3,13.4,116.2,996,996hpa,35,0,0,0,7,240,180,0
2019,11,6,6,2011/6/19 6:00,1924,NAKRI,3,13.2,116.4,994,994hpa,40,0,0,0,7,240,180,0
2019,11,6,12,2011/6/19 12:00,1924,NAKRI,3,13.2,116.6,994,994hpa,40,0,0,0,7,240,180,0
2019,11,6,18,2011/6/19 18:00,1924,NAKRI,3,13.3,116.8,992,992hpa,45,0,0,0,7,270,210,0
2019,11,7,0,2011/7/19 0:00,1924,NAKRI,4,13.2,116.9,990,990hpa,50,0,0,0,7,270,210,0
2019,11,7,6,2011/7/19 6:00,1924,NAKRI,4,13,117,985,985hpa,55,3,90,60,7,270,210,0
2019,11,7,12,2011/7/19 12:00,1924,NAKRI,4,12.8,117.2,980,980hpa,60,3,90,60,7,270,210,0
2019,11,7,18,2011/7/19 18:00,1924,NAKRI,4,12.6,117,980,980hpa,60,3,90,60,7,270,210,0
2019,11,8,0,2011/8/19 0:00,1924,NAKRI,4,12.5,117.1,980,980hpa,60,3,90,60,9,210,210,0
2019,11,8,6,2011/8/19 6:00,1924,NAKRI,5,12.6,116.4,975,975hpa,65,3,90,60,9,180,180,0
2019,11,8,12,2011/8/19 12:00,1924,NAKRI,5,12.5,115.7,975,975hpa,65,3,90,60,9,180,180,0
2019,11,8,18,2011/8/19 18:00,1924,NAKRI,4,12.5,115.3,980,980hpa,60,3,90,60,9,180,180,0
2019,11,9,0,2011/9/19 0:00,1924,NAKRI,4,12.4,114.6,980,980hpa,60,3,90,60,9,180,180,0
2019,11,9,6,2011/9/19 6:00,1924,NAKRI,4,12.4,113.7,980,980hpa,60,9,60,60,9,180,180,0
2019,11,9,12,2011/9/19 12:00,1924,NAKRI,4,12.3,113.1,980,980hpa,55,3,60,30,9,180,180,0
2019,11,9,18,2011/9/19 18:00,1924,NAKRI,4,12.4,112.4,985,985hpa,55,3,60,30,9,180,180,0
2019,11,10,0,2011/10/19 0:00,1924,NAKRI,4,12.3,111.5,985,985hpa,55,3,60,30,9,180,180,0
2019,11,10,6,2011/10/19 6:00,1924,NAKRI,4,12.5,110.8,985,985hpa,55,3,60,30,9,150,150,0
2019,11,10,12,2011/10/19 12:00,1924,NAKRI,4,12.6,110.1,990,990hpa,50,0,0,0,9,120,120,0
2019,11,10,18,2011/10/19 18:00,1924,NAKRI,3,12.8,109.5,996,996hpa,40,0,0,0,9,60,60,0
2019,11,11,0,2011/11/19 0:00,1924,NAKRI,2,13,109,1002,1002hpa,0,0,0,0,0,0,0,0
2019,11,11,6,2011/11/19 6:00,1924,NAKRI,2,13.3,107.8,1006,1006hpa,0,0,0,0,0,0,0,0
2019,11,9,18,2011/9/19 18:00,1925,FENGSHEN,2,12.6,173.4,1004,1004hpa,0,0,0,0,0,0,0,0
2019,11,10,0,2011/10/19 0:00,1925,FENGSHEN,2,13,171.9,1006,1006hpa,0,0,0,0,0,0,0,0
2019,11,10,6,2011/10/19 6:00,1925,FENGSHEN,2,13.3,170.5,1004,1004hpa,0,0,0,0,0,0,0,0
2019,11,10,12,2011/10/19 12:00,1925,FENGSHEN,2,13.3,169.5,1006,1006hpa,0,0,0,0,0,0,0,0
2019,11,10,18,2011/10/19 18:00,1925,FENGSHEN,2,13.3,168.9,1004,1004hpa,0,0,0,0,0,0,0,0
2019,11,11,0,2011/11/19 0:00,1925,FENGSHEN,2,13.5,168.2,1006,1006hpa,0,0,0,0,0,0,0,0
2019,11,11,6,2011/11/19 6:00,1925,FENGSHEN,2,14,166.6,1004,1004hpa,0,0,0,0,0,0,0,0
2019,11,11,12,2011/11/19 12:00,1925,FENGSHEN,2,14.1,165.4,1004,1004hpa,0,0,0,0,0,0,0,0
2019,11,11,18,2011/11/19 18:00,1925,FENGSHEN,2,14.7,164.1,1004,1004hpa,0,0,0,0,0,0,0,0
2019,11,12,0,2011/12/19 0:00,1925,FENGSHEN,3,14.8,162.5,1000,1000hpa,35,0,0,0,9,60,60,0
2019,11,12,6,2011/12/19 6:00,1925,FENGSHEN,3,15.4,161.1,1000,1000hpa,35,0,0,0,9,60,60,0
2019,11,12,12,2011/12/19 12:00,1925,FENGSHEN,3,16.2,159.6,1000,1000hpa,35,0,0,0,9,60,60,0
2019,11,12,18,2011/12/19 18:00,1925,FENGSHEN,3,16.8,158,998,998hpa,40,0,0,0,9,90,90,0
2019,11,13,0,11/13/19 0:00,1925,FENGSHEN,3,17.2,156,998,998hpa,40,0,0,0,9,90,90,0
2019,11,13,6,11/13/19 6:00,1925,FENGSHEN,3,16.9,154.5,998,998hpa,40,0,0,0,9,90,90,0
2019,11,13,12,11/13/19 12:00,1925,FENGSHEN,3,16.7,153.2,996,996hpa,45,0,0,0,7,120,90,0
2019,11,13,18,11/13/19 18:00,1925,FENGSHEN,4,16.7,151.8,992,992hpa,50,0,0,0,7,120,90,0
2019,11,14,0,11/14/19 0:00,1925,FENGSHEN,4,16.8,149.9,992,992hpa,50,0,0,0,7,120,90,0
2019,11,14,6,11/14/19 6:00,1925,FENGSHEN,4,16.9,148.2,992,992hpa,50,0,0,0,8,120,90,0
2019,11,14,12,11/14/19 12:00,1925,FENGSHEN,4,17.3,146.4,990,990hpa,55,9,30,30,8,120,90,0
2019,11,14,18,11/14/19 18:00,1925,FENGSHEN,4,18.1,145,985,985hpa,60,9,30,30,8,120,90,0
2019,11,15,0,11/15/19 0:00,1925,FENGSHEN,5,19.1,143.7,975,975hpa,75,9,55,55,8,120,100,0
2019,11,15,6,11/15/19 6:00,1925,FENGSHEN,5,20.1,142.7,965,965hpa,85,9,55,55,8,120,100,0
2019,11,15,12,11/15/19 12:00,1925,FENGSHEN,5,21.1,142.2,965,965hpa,85,9,55,55,8,120,100,0
2019,11,15,18,11/15/19 18:00,1925,FENGSHEN,5,22.4,142.5,965,965hpa,85,9,55,55,8,120,100,0
2019,11,16,0,11/16/19 0:00,1925,FENGSHEN,5,23.7,143.2,965,965hpa,85,9,55,55,7,150,100,0
2019,11,16,6,11/16/19 6:00,1925,FENGSHEN,5,24.9,144.7,965,965hpa,85,9,60,60,7,150,100,0
2019,11,16,12,11/16/19 12:00,1925,FENGSHEN,5,25.9,146.7,965,965hpa,85,9,60,60,7,150,100,0
2019,11,16,18,11/16/19 18:00,1925,FENGSHEN,5,26.6,149.2,970,970hpa,80,9,55,55,7,150,100,0
2019,11,17,0,11/17/19 0:00,1925,FENGSHEN,5,26.9,152.2,980,980hpa,70,9,40,40,7,150,100,0
2019,11,17,6,11/17/19 6:00,1925,FENGSHEN,4,26.9,155.2,990,990hpa,60,9,30,30,7,120,70,0
2019,11,17,12,11/17/19 12:00,1925,FENGSHEN,6,26.2,156.7,1004,1004hpa,0,0,0,0,0,0,0,0
2019,11,17,18,11/17/19 18:00,1925,FENGSHEN,6,25,157.8,1008,1008hpa,0,0,0,0,0,0,0,0
2019,11,18,0,11/18/19 0:00,1925,FENGSHEN,6,24,158.5,1014,1014hpa,0,0,0,0,0,0,0,0
2019,11,9,18,2011/9/19 18:00,1926,KALMAEGI,2,14.3,136,1004,1004hpa,0,0,0,0,0,0,0,0
2019,11,10,0,2011/10/19 0:00,1926,KALMAEGI,2,14.1,135.7,1004,1004hpa,0,0,0,0,0,0,0,0
2019,11,10,6,2011/10/19 6:00,1926,KALMAEGI,2,13.9,135.5,1004,1004hpa,0,0,0,0,0,0,0,0
2019,11,10,12,2011/10/19 12:00,1926,KALMAEGI,2,13.7,135.2,1004,1004hpa,0,0,0,0,0,0,0,0
2019,11,10,18,2011/10/19 18:00,1926,KALMAEGI,2,13.5,134.9,1002,1002hpa,0,0,0,0,0,0,0,0
2019,11,11,0,2011/11/19 0:00,1926,KALMAEGI,2,13.4,134.5,1004,1004hpa,0,0,0,0,0,0,0,0
2019,11,11,6,2011/11/19 6:00,1926,KALMAEGI,2,13.3,133.9,1002,1002hpa,0,0,0,0,0,0,0,0
2019,11,11,12,2011/11/19 12:00,1926,KALMAEGI,2,12.6,133.3,1004,1004hpa,0,0,0,0,0,0,0,0
2019,11,11,18,2011/11/19 18:00,1926,KALMAEGI,2,12,132.9,1002,1002hpa,0,0,0,0,0,0,0,0
2019,11,12,0,2011/12/19 0:00,1926,KALMAEGI,2,11.6,132.6,1004,1004hpa,0,0,0,0,0,0,0,0
2019,11,12,6,2011/12/19 6:00,1926,KALMAEGI,2,11.7,132,1002,1002hpa,0,0,0,0,0,0,0,0
2019,11,12,12,2011/12/19 12:00,1926,KALMAEGI,2,12,131.1,1004,1004hpa,0,0,0,0,0,0,0,0
2019,11,12,18,2011/12/19 18:00,1926,KALMAEGI,2,12.3,130.1,1002,1002hpa,0,0,0,0,0,0,0,0
2019,11,13,0,11/13/19 0:00,1926,KALMAEGI,2,12.6,129.2,1002,1002hpa,0,0,0,0,0,0,0,0
2019,11,13,6,11/13/19 6:00,1926,KALMAEGI,2,12.8,128.4,1002,1002hpa,0,0,0,0,0,0,0,0
2019,11,13,12,11/13/19 12:00,1926,KALMAEGI,2,13,128.5,1002,1002hpa,0,0,0,0,0,0,0,0
2019,11,13,18,11/13/19 18:00,1926,KALMAEGI,2,13.2,128.6,1002,1002hpa,0,0,0,0,0,0,0,0
2019,11,14,0,11/14/19 0:00,1926,KALMAEGI,2,14.6,128.7,1002,1002hpa,0,0,0,0,0,0,0,0
2019,11,14,6,11/14/19 6:00,1926,KALMAEGI,2,15.8,127.6,1002,1002hpa,0,0,0,0,0,0,0,0
2019,11,14,12,11/14/19 12:00,1926,KALMAEGI,3,16.4,127.6,1000,1000hpa,35,0,0,0,7,240,150,0
2019,11,14,18,11/14/19 18:00,1926,KALMAEGI,3,16.9,127.2,1000,1000hpa,35,0,0,0,7,240,150,0
2019,11,15,0,11/15/19 0:00,1926,KALMAEGI,3,17.3,126.6,1000,1000hpa,35,0,0,0,8,210,150,0
2019,11,15,6,11/15/19 6:00,1926,KALMAEGI,3,16.9,126.2,1000,1000hpa,35,0,0,0,8,210,150,0
2019,11,15,12,11/15/19 12:00,1926,KALMAEGI,3,16.8,126.3,1000,1000hpa,35,0,0,0,8,210,150,0
2019,11,15,18,11/15/19 18:00,1926,KALMAEGI,3,16.6,126.4,1000,1000hpa,35,0,0,0,8,210,150,0
2019,11,16,0,11/16/19 0:00,1926,KALMAEGI,3,16.2,126.7,1000,1000hpa,35,0,0,0,8,180,120,0
2019,11,16,6,11/16/19 6:00,1926,KALMAEGI,3,15.9,126.6,1000,1000hpa,35,0,0,0,8,180,120,0
2019,11,16,12,11/16/19 12:00,1926,KALMAEGI,3,16.2,126.3,1000,1000hpa,35,0,0,0,1,150,90,0
2019,11,16,18,11/16/19 18:00,1926,KALMAEGI,3,16.3,126,1000,1000hpa,35,0,0,0,1,150,90,0
2019,11,17,0,11/17/19 0:00,1926,KALMAEGI,3,16.5,125.5,1000,1000hpa,35,0,0,0,1,150,90,0
2019,11,17,6,11/17/19 6:00,1926,KALMAEGI,3,16.7,124.9,998,998hpa,40,0,0,0,1,150,90,0
2019,11,17,12,11/17/19 12:00,1926,KALMAEGI,3,17,124,996,996hpa,45,0,0,0,1,150,90,0
2019,11,17,18,11/17/19 18:00,1926,KALMAEGI,3,17.3,123.6,996,996hpa,45,0,0,0,1,150,90,0
2019,11,18,0,11/18/19 0:00,1926,KALMAEGI,4,17.6,123.3,992,992hpa,50,0,0,0,1,150,90,0
2019,11,18,6,11/18/19 6:00,1926,KALMAEGI,4,18.1,123.1,985,985hpa,60,9,50,50,1,120,90,0
2019,11,18,12,11/18/19 12:00,1926,KALMAEGI,5,18.8,122.9,980,980hpa,65,9,50,50,1,120,90,0
2019,11,18,18,11/18/19 18:00,1926,KALMAEGI,5,19.1,122.7,975,975hpa,70,9,40,40,9,90,90,0
2019,11,19,0,11/19/19 0:00,1926,KALMAEGI,5,19.2,122.6,975,975hpa,70,9,40,40,9,90,90,0
2019,11,19,6,11/19/19 6:00,1926,KALMAEGI,5,19.5,122.6,975,975hpa,70,9,40,40,9,90,90,0
2019,11,19,12,11/19/19 12:00,1926,KALMAEGI,5,19.4,122.3,975,975hpa,70,9,40,40,9,90,90,0
2019,11,19,18,11/19/19 18:00,1926,KALMAEGI,3,18.4,122.1,1000,1000hpa,45,0,0,0,9,90,90,0
2019,11,20,0,11/20/19 0:00,1926,KALMAEGI,2,17.4,121.7,1006,1006hpa,0,0,0,0,0,0,0,0
2019,11,20,6,11/20/19 6:00,1926,KALMAEGI,2,16.6,121,1006,1006hpa,0,0,0,0,0,0,0,0
2019,11,20,12,11/20/19 12:00,1926,KALMAEGI,2,15.8,120,1006,1006hpa,0,0,0,0,0,0,0,0
2019,11,20,18,11/20/19 18:00,1926,KALMAEGI,2,15.1,119.2,1008,1008hpa,0,0,0,0,0,0,0,0
2019,11,21,0,11/21/19 0:00,1926,KALMAEGI,2,14.6,118.4,1008,1008hpa,0,0,0,0,0,0,0,0
2019,11,21,6,11/21/19 6:00,1926,KALMAEGI,2,13.8,117.3,1008,1008hpa,0,0,0,0,0,0,0,0
2019,11,21,12,11/21/19 12:00,1926,KALMAEGI,2,13,116.2,1010,1010hpa,0,0,0,0,0,0,0,0
2019,11,21,18,11/21/19 18:00,1926,KALMAEGI,2,12.1,115.1,1008,1008hpa,0,0,0,0,0,0,0,0
2019,11,22,0,11/22/19 0:00,1926,KALMAEGI,2,11.4,114,1010,1010hpa,0,0,0,0,0,0,0,0
2019,11,17,12,11/17/19 12:00,1927,FUNG-WONG,2,10.6,143.6,1008,1008hpa,0,0,0,0,0,0,0,0
2019,11,17,18,11/17/19 18:00,1927,FUNG-WONG,2,11,142,1006,1006hpa,0,0,0,0,0,0,0,0
2019,11,18,0,11/18/19 0:00,1927,FUNG-WONG,2,11.5,140.5,1008,1008hpa,0,0,0,0,0,0,0,0
2019,11,18,6,11/18/19 6:00,1927,FUNG-WONG,2,12,138.8,1006,1006hpa,0,0,0,0,0,0,0,0
2019,11,18,12,11/18/19 12:00,1927,FUNG-WONG,2,12.3,137,1008,1008hpa,0,0,0,0,0,0,0,0
2019,11,18,18,11/18/19 18:00,1927,FUNG-WONG,2,12.4,134.9,1006,1006hpa,0,0,0,0,0,0,0,0
2019,11,19,0,11/19/19 0:00,1927,FUNG-WONG,2,13.1,132.9,1004,1004hpa,0,0,0,0,0,0,0,0
2019,11,19,6,11/19/19 6:00,1927,FUNG-WONG,2,14,131.1,1002,1002hpa,0,0,0,0,0,0,0,0
2019,11,19,12,11/19/19 12:00,1927,FUNG-WONG,2,14.7,130,1002,1002hpa,0,0,0,0,0,0,0,0
2019,11,19,18,11/19/19 18:00,1927,FUNG-WONG,2,15.3,128.8,1002,1002hpa,0,0,0,0,0,0,0,0
2019,11,20,0,11/20/19 0:00,1927,FUNG-WONG,3,16.1,128.2,1000,1000hpa,35,0,0,0,9,120,120,0
2019,11,20,6,11/20/19 6:00,1927,FUNG-WONG,3,17.6,127.2,998,998hpa,40,0,0,0,9,120,120,0
2019,11,20,12,11/20/19 12:00,1927,FUNG-WONG,3,19,126,994,994hpa,45,0,0,0,9,120,120,0
2019,11,20,18,11/20/19 18:00,1927,FUNG-WONG,4,19.6,125.4,992,992hpa,50,0,0,0,9,150,150,0
2019,11,21,0,11/21/19 0:00,1927,FUNG-WONG,4,20.2,125,990,990hpa,55,9,60,60,9,150,150,0
2019,11,21,6,11/21/19 6:00,1927,FUNG-WONG,4,20.5,124.4,990,990hpa,55,9,40,40,1,180,150,0
2019,11,21,12,11/21/19 12:00,1927,FUNG-WONG,4,21.3,124.3,994,994hpa,50,0,0,0,1,180,150,0
2019,11,21,18,11/21/19 18:00,1927,FUNG-WONG,4,22.2,124.4,994,994hpa,50,0,0,0,9,150,150,0
2019,11,22,0,11/22/19 0:00,1927,FUNG-WONG,3,22.9,125,996,996hpa,45,0,0,0,9,120,120,0
2019,11,22,6,11/22/19 6:00,1927,FUNG-WONG,3,23.7,125.4,1002,1002hpa,35,0,0,0,9,60,60,0
2019,11,22,12,11/22/19 12:00,1927,FUNG-WONG,2,24.6,125.3,1010,1010hpa,0,0,0,0,0,0,0,0
2019,11,22,18,11/22/19 18:00,1927,FUNG-WONG,2,25.1,125.3,1010,1010hpa,0,0,0,0,0,0,0,0
2019,11,23,0,11/23/19 0:00,1927,FUNG-WONG,2,25.2,125.5,1012,1012hpa,0,0,0,0,0,0,0,0
2019,11,23,6,11/23/19 6:00,1927,FUNG-WONG,2,25.3,125.6,1012,1012hpa,0,0,0,0,0,0,0,0
2019,11,23,12,11/23/19 12:00,1927,FUNG-WONG,2,26,125.9,1014,1014hpa,0,0,0,0,0,0,0,0
2019,11,23,18,11/23/19 18:00,1927,FUNG-WONG,6,28.4,125.6,1014,1014hpa,0,0,0,0,0,0,0,0
2019,11,24,0,11/24/19 0:00,1927,FUNG-WONG,6,30,126.2,1014,1014hpa,0,0,0,0,0,0,0,0
2019,11,24,6,11/24/19 6:00,1927,FUNG-WONG,6,30.2,127.7,1012,1012hpa,0,0,0,0,0,0,0,0
2019,11,24,12,11/24/19 12:00,1927,FUNG-WONG,6,31.1,131.6,1016,1016hpa,0,0,0,0,0,0,0,0
2019,11,24,18,11/24/19 18:00,1927,FUNG-WONG,6,31.7,134.1,1014,1014hpa,0,0,0,0,0,0,0,0
2019,11,25,0,11/25/19 0:00,1927,FUNG-WONG,6,32.8,136.7,1014,1014hpa,0,0,0,0,0,0,0,0
2019,11,24,12,11/24/19 12:00,1928,KAMMURI,2,8.6,159.7,1004,1004hpa,0,0,0,0,0,0,0,0
2019,11,24,18,11/24/19 18:00,1928,KAMMURI,2,8.7,158.6,1004,1004hpa,0,0,0,0,0,0,0,0
2019,11,25,0,11/25/19 0:00,1928,KAMMURI,2,8.8,157,1004,1004hpa,0,0,0,0,0,0,0,0
2019,11,25,6,11/25/19 6:00,1928,KAMMURI,2,9.2,155.2,1002,1002hpa,0,0,0,0,0,0,0,0
2019,11,25,12,11/25/19 12:00,1928,KAMMURI,2,9.9,153.6,1004,1004hpa,0,0,0,0,0,0,0,0
2019,11,25,18,11/25/19 18:00,1928,KAMMURI,2,10.2,151.3,1002,1002hpa,0,0,0,0,0,0,0,0
2019,11,26,0,11/26/19 0:00,1928,KAMMURI,3,10.7,149.2,1000,1000hpa,35,0,0,0,8,300,180,0
2019,11,26,6,11/26/19 6:00,1928,KAMMURI,3,10.9,147.4,998,998hpa,40,0,0,0,8,300,180,0
2019,11,26,12,11/26/19 12:00,1928,KAMMURI,3,11.3,145.3,998,998hpa,40,0,0,0,8,300,180,0
2019,11,26,18,11/26/19 18:00,1928,KAMMURI,3,11.3,143.4,994,994hpa,45,0,0,0,8,300,180,0
2019,11,27,0,11/27/19 0:00,1928,KAMMURI,4,11.3,142.1,992,992hpa,50,0,0,0,8,300,180,0
2019,11,27,6,11/27/19 6:00,1928,KAMMURI,4,11.4,141,992,992hpa,50,0,0,0,8,300,180,0
2019,11,27,12,11/27/19 12:00,1928,KAMMURI,4,11.4,140,990,990hpa,55,9,40,40,8,300,180,0
2019,11,27,18,11/27/19 18:00,1928,KAMMURI,4,11.5,139.2,985,985hpa,60,9,40,40,8,300,150,0
2019,11,28,0,11/28/19 0:00,1928,KAMMURI,5,11.9,138.8,980,980hpa,65,9,40,40,8,300,150,0
2019,11,28,6,11/28/19 6:00,1928,KAMMURI,5,12.7,138.7,980,980hpa,65,9,50,50,8,300,150,0
2019,11,28,12,11/28/19 12:00,1928,KAMMURI,5,13.4,138.7,980,980hpa,65,9,50,50,8,300,150,0
2019,11,28,18,11/28/19 18:00,1928,KAMMURI,5,14.2,138.6,975,975hpa,70,9,50,50,9,270,270,0
2019,11,29,0,11/29/19 0:00,1928,KAMMURI,5,14.1,138,975,975hpa,70,9,60,60,9,270,270,0
2019,11,29,6,11/29/19 6:00,1928,KAMMURI,5,14,137.3,975,975hpa,70,9,60,60,7,270,210,0
2019,11,29,12,11/29/19 12:00,1928,KAMMURI,5,13.9,136.7,975,975hpa,70,9,60,60,7,270,210,0
2019,11,29,18,11/29/19 18:00,1928,KAMMURI,5,13.8,136.1,975,975hpa,70,9,60,60,7,270,180,0
2019,11,30,0,11/30/19 0:00,1928,KAMMURI,5,13.6,135.5,975,975hpa,70,9,60,60,7,270,180,0
2019,11,30,6,11/30/19 6:00,1928,KAMMURI,5,13.4,134.6,970,970hpa,75,9,60,60,7,270,150,0
2019,11,30,12,11/30/19 12:00,1928,KAMMURI,5,13.2,133.3,970,970hpa,75,9,60,60,7,270,150,0
2019,11,30,18,11/30/19 18:00,1928,KAMMURI,5,13.1,131.8,970,970hpa,75,9,60,60,7,270,150,0
2019,12,1,0,2012/1/19 0:00,1928,KAMMURI,5,13.1,131,970,970hpa,75,9,60,60,7,270,150,0
2019,12,1,6,2012/1/19 6:00,1928,KAMMURI,5,13.1,130.2,970,970hpa,75,9,60,60,7,270,150,0
2019,12,1,12,2012/1/19 12:00,1928,KAMMURI,5,13.1,129.2,970,970hpa,75,9,60,60,7,270,150,0
2019,12,1,18,2012/1/19 18:00,1928,KAMMURI,5,13.2,127.6,970,970hpa,75,9,60,60,7,270,150,0
2019,12,2,0,2012/2/19 0:00,1928,KAMMURI,5,12.9,126.6,960,960hpa,80,9,70,70,7,270,150,0
2019,12,2,6,2012/2/19 6:00,1928,KAMMURI,5,13,125.6,955,955hpa,85,9,80,80,7,270,180,0
2019,12,2,12,2012/2/19 12:00,1928,KAMMURI,5,12.9,124.7,950,950hpa,90,9,80,80,7,270,180,0
2019,12,2,18,2012/2/19 18:00,1928,KAMMURI,5,13.2,123.5,950,950hpa,90,9,80,80,7,240,150,0
2019,12,3,0,2012/3/19 0:00,1928,KAMMURI,5,13.2,122.2,960,960hpa,80,9,70,70,7,240,150,0
2019,12,3,6,2012/3/19 6:00,1928,KAMMURI,5,13.3,120.8,975,975hpa,70,9,60,60,7,240,150,0
2019,12,3,12,2012/3/19 12:00,1928,KAMMURI,5,13.4,119.7,980,980hpa,65,9,50,50,7,240,150,0
2019,12,3,18,2012/3/19 18:00,1928,KAMMURI,4,13.7,118.6,985,985hpa,60,9,40,40,7,240,120,0
2019,12,4,0,2012/4/19 0:00,1928,KAMMURI,4,14,117.6,992,992hpa,50,0,0,0,7,240,120,0
2019,12,4,6,2012/4/19 6:00,1928,KAMMURI,4,14.2,116.8,992,992hpa,50,0,0,0,7,240,120,0
2019,12,4,12,2012/4/19 12:00,1928,KAMMURI,3,14.2,116.1,994,994hpa,45,0,0,0,7,240,120,0
2019,12,4,18,2012/4/19 18:00,1928,KAMMURI,3,14.3,115.2,1000,1000hpa,35,0,0,0,7,150,90,0
2019,12,5,0,2012/5/19 0:00,1928,KAMMURI,3,14.3,114.3,1002,1002hpa,35,0,0,0,7,150,90,0
2019,12,5,6,2012/5/19 6:00,1928,KAMMURI,3,13.8,113.7,1002,1002hpa,35,0,0,0,7,150,90,0
2019,12,5,12,2012/5/19 12:00,1928,KAMMURI,3,13.1,113.3,1004,1004hpa,35,0,0,0,7,150,90,0
2019,12,5,18,2012/5/19 18:00,1928,KAMMURI,2,12.4,112.9,1008,1008hpa,0,0,0,0,0,0,0,0
2019,12,6,0,2012/6/19 0:00,1928,KAMMURI,2,11.4,112.9,1008,1008hpa,0,0,0,0,0,0,0,0
2019,12,19,12,12/19/19 12:00,1929,PHANFONE,2,4.7,151.4,1006,1006hpa,0,0,0,0,0,0,0,0
2019,12,19,18,12/19/19 18:00,1929,PHANFONE,2,4.6,150,1004,1004hpa,0,0,0,0,0,0,0,0
2019,12,20,0,12/20/19 0:00,1929,PHANFONE,2,4.6,148.8,1006,1006hpa,0,0,0,0,0,0,0,0
2019,12,20,6,12/20/19 6:00,1929,PHANFONE,2,4.6,147.6,1004,1004hpa,0,0,0,0,0,0,0,0
2019,12,20,12,12/20/19 12:00,1929,PHANFONE,2,4.6,146.3,1004,1004hpa,0,0,0,0,0,0,0,0
2019,12,20,18,12/20/19 18:00,1929,PHANFONE,2,4.6,145.1,1004,1004hpa,0,0,0,0,0,0,0,0
2019,12,21,0,12/21/19 0:00,1929,PHANFONE,2,4.8,143.7,1004,1004hpa,0,0,0,0,0,0,0,0
2019,12,21,6,12/21/19 6:00,1929,PHANFONE,2,5.2,142.5,1004,1004hpa,0,0,0,0,0,0,0,0
2019,12,21,12,12/21/19 12:00,1929,PHANFONE,2,5.6,141.5,1004,1004hpa,0,0,0,0,0,0,0,0
2019,12,21,18,12/21/19 18:00,1929,PHANFONE,2,6,140.7,1004,1004hpa,0,0,0,0,0,0,0,0
2019,12,22,0,12/22/19 0:00,1929,PHANFONE,2,6.5,139.7,1004,1004hpa,0,0,0,0,0,0,0,0
2019,12,22,6,12/22/19 6:00,1929,PHANFONE,2,7.4,138.4,1002,1002hpa,0,0,0,0,0,0,0,0
2019,12,22,12,12/22/19 12:00,1929,PHANFONE,3,8.7,136.9,1002,1002hpa,35,0,0,0,8,120,90,0
2019,12,22,18,12/22/19 18:00,1929,PHANFONE,3,9.6,135,1002,1002hpa,35,0,0,0,8,120,90,0
2019,12,23,0,12/23/19 0:00,1929,PHANFONE,3,10,133.4,1000,1000hpa,40,0,0,0,1,120,90,0
2019,12,23,6,12/23/19 6:00,1929,PHANFONE,3,10.2,132.1,998,998hpa,45,0,0,0,1,120,90,0
2019,12,23,12,12/23/19 12:00,1929,PHANFONE,4,10.4,130.7,996,996hpa,50,0,0,0,8,120,90,0
2019,12,23,18,12/23/19 18:00,1929,PHANFONE,4,10.5,129.1,992,992hpa,55,9,30,30,8,120,90,0
2019,12,24,0,12/24/19 0:00,1929,PHANFONE,5,10.6,127.8,985,985hpa,65,9,30,30,8,120,90,0
2019,12,24,6,12/24/19 6:00,1929,PHANFONE,5,10.9,126.4,980,980hpa,70,9,40,40,8,120,90,0
2019,12,24,12,12/24/19 12:00,1929,PHANFONE,5,11.4,124.9,975,975hpa,75,9,40,40,8,120,90,0
2019,12,24,18,12/24/19 18:00,1929,PHANFONE,5,11.8,123.4,970,970hpa,80,9,40,40,8,120,90,0
2019,12,25,0,12/25/19 0:00,1929,PHANFONE,5,11.9,122.4,975,975hpa,75,9,40,40,8,120,90,0
2019,12,25,6,12/25/19 6:00,1929,PHANFONE,5,12.1,121.3,980,980hpa,70,9,40,40,8,120,90,0
2019,12,25,12,12/25/19 12:00,1929,PHANFONE,5,12.5,120.1,985,985hpa,65,9,40,40,8,120,90,0
2019,12,25,18,12/25/19 18:00,1929,PHANFONE,4,12.8,119.3,992,992hpa,55,9,30,30,8,120,90,0
2019,12,26,0,12/26/19 0:00,1929,PHANFONE,5,13.1,118.6,985,985hpa,65,9,30,30,8,120,90,0
2019,12,26,6,12/26/19 6:00,1929,PHANFONE,5,13.4,118,975,975hpa,75,9,30,30,8,120,90,0
2019,12,26,12,12/26/19 12:00,1929,PHANFONE,5,13.9,117.7,985,985hpa,65,9,30,30,8,120,90,0
2019,12,26,18,12/26/19 18:00,1929,PHANFONE,4,14.3,117.2,990,990hpa,60,9,30,30,9,90,90,0
2019,12,27,0,12/27/19 0:00,1929,PHANFONE,4,14.5,116.9,992,992hpa,55,9,30,30,9,90,90,0
2019,12,27,6,12/27/19 6:00,1929,PHANFONE,4,14.7,116.5,996,996hpa,50,0,0,0,9,90,90,0
2019,12,27,12,12/27/19 12:00,1929,PHANFONE,3,14.6,116,998,998hpa,45,0,0,0,9,90,90,0
2019,12,27,18,12/27/19 18:00,1929,PHANFONE,3,14.5,115.7,1002,1002hpa,35,0,0,0,8,90,60,0
2019,12,28,0,12/28/19 0:00,1929,PHANFONE,2,14.4,115.2,1006,1006hpa,0,0,0,0,0,0,0,0
2019,12,28,6,12/28/19 6:00,1929,PHANFONE,2,14.4,114,1008,1008hpa,0,0,0,0,0,0,0,0
2019,12,28,12,12/28/19 12:00,1929,PHANFONE,2,14.4,113,1010,1010hpa,0,0,0,0,0,0,0,0
2019,12,28,18,12/28/19 18:00,1929,PHANFONE,2,14.4,112.2,1012,1012hpa,0,0,0,0,0,0,0,0
2019,12,29,0,12/29/19 0:00,1929,PHANFONE,2,14.3,111.7,1012,1012hpa,0,0,0,0,0,0,0,0
